ID,Name,logo url
NWZmiB4szE6KR-SpoRgaMFh0sK8Co6pIqFZmtuMUoL4=,Pasta Evangelists,https://images.unidays.world/i/customers/mobile/active/ee8ae658-542e-499a-9bd8-b5b2e2af8e11
Hd4-BI1OtkCcVaD0WJQ77Fh0sK8Co6pIqFZmtuMUoL4=,Shoe Zone,https://images.unidays.world/i/self-serve/customer/Hd4-BI1OtkCcVaD0WJQ77Fh0sK8Co6pIqFZmtuMUoL4=/logo/png/a697178b-3192-4af9-a565-7f7be1cc1ac0
8FUBbvP0vUGIFm1bIyhmtFh0sK8Co6pIqFZmtuMUoL4=,Byron Burgers,https://images.unidays.world/i/self-serve/customer/8FUBbvP0vUGIFm1bIyhmtFh0sK8Co6pIqFZmtuMUoL4=/logo/png/fa79de38-8801-41e9-b4e3-ee7815cc45fa
N0n9wkYId0eVugdpVzXcVFh0sK8Co6pIqFZmtuMUoL4=,Cafe Rouge,https://images.unidays.world/i/self-serve/customer/N0n9wkYId0eVugdpVzXcVFh0sK8Co6pIqFZmtuMUoL4=/logo/png/3d8caaca-26fd-49ca-8df5-d855aac7d83b
VsBtKO5GOE6z2fXgMwErAVh0sK8Co6pIqFZmtuMUoL4=,UNiDAYS Courses,https://images.unidays.world/i/self-serve/customer/VsBtKO5GOE6z2fXgMwErAVh0sK8Co6pIqFZmtuMUoL4=/logo/png/1c81990c-915b-4aec-86fd-f614fd6777a2
CRnQWtCN_kmsXKBYNgPR41h0sK8Co6pIqFZmtuMUoL4=,Coggles,https://images.unidays.world/i/self-serve/customer/CRnQWtCN_kmsXKBYNgPR41h0sK8Co6pIqFZmtuMUoL4=/logo/png/02779232-b0fc-4cf7-826a-f4e3b42195f6
wBF4_uDHPE2_tYEJvjzSpFh0sK8Co6pIqFZmtuMUoL4=,getAbstract,https://images.unidays.world/i/self-serve/customer/wBF4_uDHPE2_tYEJvjzSpFh0sK8Co6pIqFZmtuMUoL4=/logo/png/2a49fac9-ebaa-43d1-801e-40b65eccdbd3
wZN0wMcJ6kGZWlMCPgsQhVh0sK8Co6pIqFZmtuMUoL4=,Ryman,https://images.unidays.world/i/self-serve/customer/wZN0wMcJ6kGZWlMCPgsQhVh0sK8Co6pIqFZmtuMUoL4=/logo/png/906feaac-6b5e-48c9-b71c-682b044d4453
pT3LGu7qykujEAu4dMoOXFh0sK8Co6pIqFZmtuMUoL4=,ASICS,https://images.unidays.world/i/self-serve/customer/pT3LGu7qykujEAu4dMoOXFh0sK8Co6pIqFZmtuMUoL4=/logo/png/462527a1-dc92-43a7-bf83-d686d58d42a4
aw241Iqb30KmktPdRlFju1h0sK8Co6pIqFZmtuMUoL4=,Alienware,https://images.unidays.world/i/customers/mobile/active/887bba44-1a4a-4cd1-92cb-80f6da5f1ef3
gugcNCN15UisnzvLd63wZlh0sK8Co6pIqFZmtuMUoL4=,The Shake Lab,https://images.unidays.world/i/self-serve/customer/gugcNCN15UisnzvLd63wZlh0sK8Co6pIqFZmtuMUoL4=/logo/png/77f2f999-3dc2-459d-9350-385950122bdd
lTafHmEFSUCmPKI8_FnbSlh0sK8Co6pIqFZmtuMUoL4=,Db,https://images.unidays.world/i/customers/mobile/active/a8b489af-cb0c-4a3d-9abc-0ecb79392146
Y7TWCIVTGkGEJ10gtFxMsFh0sK8Co6pIqFZmtuMUoL4=,Wordtune,https://images.unidays.world/i/self-serve/customer/Y7TWCIVTGkGEJ10gtFxMsFh0sK8Co6pIqFZmtuMUoL4=/logo/png/0567680a-6ef2-41ec-9261-0b04d2938602
TD-wv0G83UWP44Ypp4yAZFh0sK8Co6pIqFZmtuMUoL4=,Hidden Fashion,https://images.unidays.world/i/customers/mobile/active/f6141aa4-1090-448b-bb56-9ef544581868
NworyyOuPUqGdIXyFCafkFh0sK8Co6pIqFZmtuMUoL4=,Memrise,https://images.unidays.world/i/self-serve/customer/NworyyOuPUqGdIXyFCafkFh0sK8Co6pIqFZmtuMUoL4=/logo/png/74739ff0-78da-4f6b-aa98-d577ff0a1131
Sn9NAKttcUuiho8VEv2Kq1h0sK8Co6pIqFZmtuMUoL4=,Zavetti,https://images.unidays.world/i/customers/mobile/active/5543bda5-5ca0-40ed-b40a-61d8093fa990
zcI943q7UkWntNh1mBry3Fh0sK8Co6pIqFZmtuMUoL4=,Bill's,https://images.unidays.world/i/self-serve/customer/zcI943q7UkWntNh1mBry3Fh0sK8Co6pIqFZmtuMUoL4=/logo/png/8b6ceb5a-1cc5-48b7-87ac-35246e38b373
KaXrSMea1k-gzLULzY452lh0sK8Co6pIqFZmtuMUoL4=,Monterrain,https://images.unidays.world/i/customers/mobile/active/35f011a9-6f0d-450e-b10d-b8b3a91a1644
0PpmdZwkqkSLvCRSJSUNk1h0sK8Co6pIqFZmtuMUoL4=,Babyliss,https://images.unidays.world/i/customers/mobile/active/5e79f601-8cd1-4ef9-a1ab-719aa1088fd4
q9kiF9Lj602-IOoDGIuuf1h0sK8Co6pIqFZmtuMUoL4=,The Mix,https://images.unidays.world/i/self-serve/customer/q9kiF9Lj602-IOoDGIuuf1h0sK8Co6pIqFZmtuMUoL4=/logo/png/38b3a604-3fec-4a55-9ac9-6c472e95bcbc
RG6MWcSox02X44ioSXA7y1h0sK8Co6pIqFZmtuMUoL4=,Quiksilver,https://images.unidays.world/i/self-serve/customer/RG6MWcSox02X44ioSXA7y1h0sK8Co6pIqFZmtuMUoL4=/logo/png/13f04b12-dc6d-4f05-ad28-9ce6bd0c994a
s1v49j-crU2D7SIZVq53oFh0sK8Co6pIqFZmtuMUoL4=,Casio,https://images.unidays.world/i/customers/mobile/active/98534e05-5493-4a72-bdde-9da60f033a34
lr8DlpxdW02G7s7rwUvzNVh0sK8Co6pIqFZmtuMUoL4=,Roxy,https://images.unidays.world/i/self-serve/customer/lr8DlpxdW02G7s7rwUvzNVh0sK8Co6pIqFZmtuMUoL4=/logo/png/9cdf6516-e987-44b0-abed-47ae320fcb56
egiUWeo7oEixvmctMJPYYlh0sK8Co6pIqFZmtuMUoL4=,Club L London,https://images.unidays.world/i/self-serve/customer/egiUWeo7oEixvmctMJPYYlh0sK8Co6pIqFZmtuMUoL4=/logo/png/266b8872-a79c-4658-bd06-f7d336bd73bf
dVB_s0FS4kSmoWPcNimaOVh0sK8Co6pIqFZmtuMUoL4=,UNiDAYS Wellbeing,https://images.unidays.world/i/self-serve/customer/dVB_s0FS4kSmoWPcNimaOVh0sK8Co6pIqFZmtuMUoL4=/logo/png/618a56ce-f1e3-4478-8691-a5c43fda0a96
5YuVL7KivE2OY8Ti-XppjFh0sK8Co6pIqFZmtuMUoL4=,OC Gear,https://images.unidays.world/i/self-serve/customer/5YuVL7KivE2OY8Ti-XppjFh0sK8Co6pIqFZmtuMUoL4=/logo/png/2c757240-11ed-4992-8e78-392ce811a381
iYtkN9IzDEiO4GWDyR4DkFh0sK8Co6pIqFZmtuMUoL4=,Debenhams,https://images.unidays.world/i/customers/mobile/active/14424445-705f-47c6-a730-6d4d22f0cefa
91H_cnCTD0eDLdh2ShZNplh0sK8Co6pIqFZmtuMUoL4=,Gorillas,https://images.unidays.world/i/self-serve/customer/91H_cnCTD0eDLdh2ShZNplh0sK8Co6pIqFZmtuMUoL4=/logo/png/e44bb8e8-95d0-4ada-9d31-1c82f8b6da19
qILw3idYMkycS4C3mgM1Klh0sK8Co6pIqFZmtuMUoL4=,Strawberry Net,https://images.unidays.world/i/customers/mobile/active/930b721d-e170-4f14-96e7-65c235482143
cIWmkgG3ik6Cx_YUsL32I1h0sK8Co6pIqFZmtuMUoL4=,Sanctuary,https://images.unidays.world/i/customers/mobile/active/9a2ae121-af67-4a11-bd23-17445d433687
hJ0QlvWUwU-ro0LQCOwrF1h0sK8Co6pIqFZmtuMUoL4=,Emma Mattress,https://images.unidays.world/i/customers/mobile/active/faaba660-a3a4-4294-b002-f6add18b00cb
IqJhwT4URU2UKWAXBx1rrFh0sK8Co6pIqFZmtuMUoL4=,Innermost,https://images.unidays.world/i/self-serve/customer/IqJhwT4URU2UKWAXBx1rrFh0sK8Co6pIqFZmtuMUoL4=/logo/png/a35aef08-cfad-40d9-b054-8e8edf1e2890
lpgedBo-e0G5WujrOBS8RVh0sK8Co6pIqFZmtuMUoL4=,St. Tropez,https://images.unidays.world/i/customers/mobile/active/ee3e3ffd-ebd8-4b57-8212-4cf3ae4f2efa
CV2Sne90L0qNa7sYHa__UFh0sK8Co6pIqFZmtuMUoL4=,UNiDAYS iMPACTS,https://images.unidays.world/i/self-serve/customer/CV2Sne90L0qNa7sYHa__UFh0sK8Co6pIqFZmtuMUoL4=/logo/png/c3a293c2-08ac-4e41-94fb-794c218bb8da
y7ry-k1BxUy4d_iDVxU2oFh0sK8Co6pIqFZmtuMUoL4=,boohoo,https://images.unidays.world/i/self-serve/customer/y7ry-k1BxUy4d_iDVxU2oFh0sK8Co6pIqFZmtuMUoL4=/logo/png/8ae37123-07bd-4467-8d4f-ad886bc68393
F18blK4RMU6-_nLrYdHtP1h0sK8Co6pIqFZmtuMUoL4=,Silentnight,https://images.unidays.world/i/self-serve/customer/F18blK4RMU6-_nLrYdHtP1h0sK8Co6pIqFZmtuMUoL4=/logo/png/89f3939b-188f-4819-b4ef-8867d8bcb174
AkwunLuY20G0w1axtCmUiVh0sK8Co6pIqFZmtuMUoL4=,Siksilk,https://images.unidays.world/i/customers/mobile/active/4a2599f1-434f-473c-a9fc-6919e0776c61
-K86KIfYq0e_i7p16QRjbFh0sK8Co6pIqFZmtuMUoL4=,Philips,https://images.unidays.world/i/customers/mobile/active/b18bfcc6-2088-481f-a182-229efc989260
vMXBOTujh0CTVJt6V2CM61h0sK8Co6pIqFZmtuMUoL4=,FlixBus,https://images.unidays.world/i/self-serve/customer/vMXBOTujh0CTVJt6V2CM61h0sK8Co6pIqFZmtuMUoL4=/logo/png/0e4d954e-9ae0-4cb4-b29d-a9c2c65bdd44
gKeB4GBChEqh5uXIXXUTmlh0sK8Co6pIqFZmtuMUoL4=,JACK & JONES,https://images.unidays.world/i/customers/mobile/active/2afd6b9f-148e-4591-8d1d-78eca01bb8a1
FLTWWvGrnUWBCFxfA5rU31h0sK8Co6pIqFZmtuMUoL4=,Neal's Yard Remedies,https://images.unidays.world/i/self-serve/customer/FLTWWvGrnUWBCFxfA5rU31h0sK8Co6pIqFZmtuMUoL4=/logo/png/02caf0c6-af44-439c-a87f-1b602b0613ef
y-Q0hTIYcUSRK2Had7ZeQlh0sK8Co6pIqFZmtuMUoL4=,LinkedIn Learning,https://images.unidays.world/i/self-serve/customer/y-Q0hTIYcUSRK2Had7ZeQlh0sK8Co6pIqFZmtuMUoL4=/logo/png/272d1408-5143-4dc2-88b4-6bbb0d8d577f
I4kLfwe4dk2CItt4RoU9UVh0sK8Co6pIqFZmtuMUoL4=,The Hut,https://images.unidays.world/i/self-serve/customer/I4kLfwe4dk2CItt4RoU9UVh0sK8Co6pIqFZmtuMUoL4=/logo/png/b9f948bf-5bbb-4111-b0a4-14972ee7dcd5
l0JWOYlvA06-my9SZrFef1h0sK8Co6pIqFZmtuMUoL4=,Alison,https://images.unidays.world/i/self-serve/customer/l0JWOYlvA06-my9SZrFef1h0sK8Co6pIqFZmtuMUoL4=/logo/png/053c4918-5ab4-41f0-a538-f8edab1306c6
HApJ9Cx5hU-AoAGpSIfIqFh0sK8Co6pIqFZmtuMUoL4=,G-Star RAW,https://images.unidays.world/i/customers/mobile/active/34b296ba-f9a4-44d7-a1c2-63c533126ca2
cEitCpogoEST8G1rB1Iyn1h0sK8Co6pIqFZmtuMUoL4=,Zalando,https://images.unidays.world/i/customers/mobile/active/0aad4870-209a-44a0-93f0-6d6b0752329f
TD9l9RBBlEWadn7r8Y95l1h0sK8Co6pIqFZmtuMUoL4=,Huawei,https://images.unidays.world/i/self-serve/customer/TD9l9RBBlEWadn7r8Y95l1h0sK8Co6pIqFZmtuMUoL4=/logo/png/8c66eff1-2f8d-4989-809c-e9a2f637a0f2
884IaanNuk-YwgA29iAR5Fh0sK8Co6pIqFZmtuMUoL4=,Turtle Beach,https://images.unidays.world/i/customers/mobile/active/19527303-0d2f-4cfd-adf1-724366fbeeaf
AJFuBwCxNUG1FY97_MhoQVh0sK8Co6pIqFZmtuMUoL4=,Santander Universities,https://images.unidays.world/i/self-serve/customer/AJFuBwCxNUG1FY97_MhoQVh0sK8Co6pIqFZmtuMUoL4=/logo/png/f97ffc81-b704-4f69-a744-89d43ddcc312
Kfh8DvZqPE2YoQuY7UwSMlh0sK8Co6pIqFZmtuMUoL4=,Green Chef,https://images.unidays.world/i/customers/mobile/active/7fe1e2b0-7a01-4a0a-a185-76491fffcb4f
cTecXFoSDEWU52xj6iiQu1h0sK8Co6pIqFZmtuMUoL4=,Canva,https://images.unidays.world/i/self-serve/customer/cTecXFoSDEWU52xj6iiQu1h0sK8Co6pIqFZmtuMUoL4=/logo/png/16b37992-aff1-4f4a-89d0-94436a3607ef
DHBLQUuvTU-qhpwv1WBMCFh0sK8Co6pIqFZmtuMUoL4=,Flying Flowers,https://images.unidays.world/i/customers/mobile/active/7d30c9a6-05cd-4d37-9217-528086bb2b5d
U0T6OTnEek2-wHRU6H3B-1h0sK8Co6pIqFZmtuMUoL4=,TOMS,https://images.unidays.world/i/self-serve/customer/U0T6OTnEek2-wHRU6H3B-1h0sK8Co6pIqFZmtuMUoL4=/logo/png/98a4bfbe-af75-43ce-a481-1f4ef1ee65b9
sNJyhOuzD0O8489u8KRI71h0sK8Co6pIqFZmtuMUoL4=,Hunkemöller,https://images.unidays.world/i/customers/mobile/active/08c23dbb-c81c-41a0-98ea-81e3f8736e8d
40A-Bq5HaUaCwPD6336yKVh0sK8Co6pIqFZmtuMUoL4=,Inside Out,https://images.unidays.world/i/customers/mobile/active/ec5b7aab-edf7-455b-a94e-9d58f78ba60c
C3btoWAIyk28La4SbD1ilFh0sK8Co6pIqFZmtuMUoL4=,noah,https://images.unidays.world/i/customers/mobile/active/2864397b-51e2-4e45-84de-6bc1e48249be
LOgfZN4xQUCY4m034S_2Hlh0sK8Co6pIqFZmtuMUoL4=,Everything5pounds,https://images.unidays.world/i/customers/mobile/active/4dec959f-32ca-4d63-90ce-ac299905eb2e
JXid0QpXu0uXxy3NsruMFFh0sK8Co6pIqFZmtuMUoL4=,Dorothy Perkins,https://images.unidays.world/i/self-serve/customer/JXid0QpXu0uXxy3NsruMFFh0sK8Co6pIqFZmtuMUoL4=/logo/png/d690efa0-2380-4951-987b-730f40a9f5ad
6fT3iSC_x0ys2tn2fWkmnlh0sK8Co6pIqFZmtuMUoL4=,Mainline Menswear,https://images.unidays.world/i/customers/mobile/active/19d0cfcf-b96b-4e83-a9d3-5f6b82dee77f
7Czek95I3UO502N9A2AAyVh0sK8Co6pIqFZmtuMUoL4=,Crew Clothing Company,https://images.unidays.world/i/self-serve/customer/7Czek95I3UO502N9A2AAyVh0sK8Co6pIqFZmtuMUoL4=/logo/png/5bd9bda7-8fbf-4346-9e8a-70a5e1310aaf
qv8bxoRthUeRM6w_LavyUlh0sK8Co6pIqFZmtuMUoL4=,Lebara,https://images.unidays.world/i/customers/mobile/active/e5f27ca4-a28e-48c9-a422-23d0d2ad731c
48mw8WkYWEmoQp0_4C9Hw1h0sK8Co6pIqFZmtuMUoL4=,OddBalls,https://images.unidays.world/i/self-serve/customer/48mw8WkYWEmoQp0_4C9Hw1h0sK8Co6pIqFZmtuMUoL4=/logo/png/12480381-28bf-4573-a19f-f9b82224e605
mPlzoqDm0kSDzFxzwEJtL1h0sK8Co6pIqFZmtuMUoL4=,HONOR,https://images.unidays.world/i/customers/mobile/active/772dba79-cd17-4bf9-9b82-e1c3c849962e
Gb-y_hw-L0qkRBi2S9_z_Fh0sK8Co6pIqFZmtuMUoL4=,Eyeko,https://images.unidays.world/i/customers/mobile/active/c1659ec3-bf72-4d5f-b837-d61219fc1cd3
fToUAoUmq0ecb7O5WdfIs1h0sK8Co6pIqFZmtuMUoL4=,Public Desire,https://images.unidays.world/i/customers/mobile/active/17f9957b-dcf0-4648-9984-a4073fe93352
vPdJaPs5r0aFUHayBEMj6Vh0sK8Co6pIqFZmtuMUoL4=,Revolve,https://images.unidays.world/i/customers/mobile/active/0d623bbb-4967-4049-a342-a3b9cc56909f
euxzb_FXtEuq7r5T-mkMVlh0sK8Co6pIqFZmtuMUoL4=,Boux Avenue,https://images.unidays.world/i/customers/mobile/active/1f9834b0-bede-458a-aaf2-f8accb160130
UFWHjs5ZMkCcK_GmNGiMoFh0sK8Co6pIqFZmtuMUoL4=,Morphe,https://images.unidays.world/i/self-serve/customer/UFWHjs5ZMkCcK_GmNGiMoFh0sK8Co6pIqFZmtuMUoL4=/logo/png/c31fcc0c-6f05-4b6f-9fee-054e71e69a87
WvKiw5FU9EWvDfucrE7G-lh0sK8Co6pIqFZmtuMUoL4=,ROCCAT,https://images.unidays.world/i/customers/mobile/active/ad644fe6-55c5-44f4-9c07-653961eddbf1
_O5c6B-8hUukIH1TsNtd8Fh0sK8Co6pIqFZmtuMUoL4=,Xiaomi,https://images.unidays.world/i/self-serve/customer/_O5c6B-8hUukIH1TsNtd8Fh0sK8Co6pIqFZmtuMUoL4=/logo/png/c7b89941-e5d3-4677-bb2e-d9132af091d0
E_ppmTZQo020VZZxgeENrFh0sK8Co6pIqFZmtuMUoL4=,Sephora,https://images.unidays.world/i/customers/mobile/active/984e1cf8-c446-40e4-a806-7db457829d82
r6xVSbcNAkagf6V3Gq7D_1h0sK8Co6pIqFZmtuMUoL4=,Vogue Eyewear,https://images.unidays.world/i/self-serve/customer/r6xVSbcNAkagf6V3Gq7D_1h0sK8Co6pIqFZmtuMUoL4=/logo/png/959a4b1f-e66b-4488-b5bd-102c37398995
KoYjy06m0UyAJpDGishiPVh0sK8Co6pIqFZmtuMUoL4=,Where's That From,https://images.unidays.world/i/customers/mobile/active/8035370e-6f4d-4581-828c-1700657e3130
-9lFxZP5iEm0RgMDt-6oBlh0sK8Co6pIqFZmtuMUoL4=,Interflora,https://images.unidays.world/i/customers/mobile/active/c1093caf-cdec-4e09-9f1f-07b6bc6fbf43
TUSiJZ9ANUmn6d84QOMWo1h0sK8Co6pIqFZmtuMUoL4=,EMP,https://images.unidays.world/i/customers/mobile/active/a3933617-b52e-4b96-a9cc-2ca905224923
TQOGW7INe0ueKlngLQvQrVh0sK8Co6pIqFZmtuMUoL4=,Tommy Hilfiger,https://images.unidays.world/i/customers/mobile/active/f844151f-d337-4958-b201-e6749225a9a8
zXaqygdVe0i34aYRK4_DvVh0sK8Co6pIqFZmtuMUoL4=,allbeauty,https://images.unidays.world/i/customers/mobile/active/213f853b-47fb-491a-bc1c-d1783e10cb44
KUjUcTj3vEWM4MgayrSBklh0sK8Co6pIqFZmtuMUoL4=,Jabra,https://images.unidays.world/i/customers/mobile/active/b14d1070-01ce-4233-b80b-cb08005c663c
DEDdyGniPUWEDlKaOiG92Fh0sK8Co6pIqFZmtuMUoL4=,Study Together,https://images.unidays.world/i/self-serve/customer/DEDdyGniPUWEDlKaOiG92Fh0sK8Co6pIqFZmtuMUoL4=/logo/png/5819bcfb-69d0-4009-a034-4e0e7a36f8ee
bz5gwzfrpE25i4cFa1vn_Fh0sK8Co6pIqFZmtuMUoL4=,Virgin Experience Spa Days,https://images.unidays.world/i/self-serve/customer/bz5gwzfrpE25i4cFa1vn_Fh0sK8Co6pIqFZmtuMUoL4=/logo/png/24f12d27-11c8-422b-b1b9-4266e8c259f8
9eByoHT-tUKc22mXOw_qXFh0sK8Co6pIqFZmtuMUoL4=,Kenwood,https://images.unidays.world/i/self-serve/customer/9eByoHT-tUKc22mXOw_qXFh0sK8Co6pIqFZmtuMUoL4=/logo/png/44a53e50-5028-442e-942e-1015108f997c
XaK4j0_09EWkKWtG71SmdFh0sK8Co6pIqFZmtuMUoL4=,SHEIN,https://images.unidays.world/i/customers/mobile/active/8cf117e6-4351-4bb2-a546-579f8a3cdc4a
1KXJXWFXuUOTokxiUnVxhFh0sK8Co6pIqFZmtuMUoL4=,LG,https://images.unidays.world/i/customers/mobile/active/7af0dec3-1226-488f-a769-ec51c8fb8d23
bsnF1lVBkUe48KcihBagD1h0sK8Co6pIqFZmtuMUoL4=,AnyVan,https://images.unidays.world/i/self-serve/customer/bsnF1lVBkUe48KcihBagD1h0sK8Co6pIqFZmtuMUoL4=/logo/png/8ce2a34a-2272-45b7-8298-1777bca6c2ee
YmZVcjKJKUKz8a-byNG7wVh0sK8Co6pIqFZmtuMUoL4=,FARFETCH,https://images.unidays.world/i/self-serve/customer/YmZVcjKJKUKz8a-byNG7wVh0sK8Co6pIqFZmtuMUoL4=/logo/png/9fec2239-bb8b-4384-b79f-f0dc53a435ba
gYn_nTCUkUCH_w2JktKg0Vh0sK8Co6pIqFZmtuMUoL4=,Yours Clothing,https://images.unidays.world/i/self-serve/customer/gYn_nTCUkUCH_w2JktKg0Vh0sK8Co6pIqFZmtuMUoL4=/logo/png/a7b7a95b-9e7e-42ad-80c9-dc5ae9ba3e86
I6XV9K0BMUOa6fxQ6r50ZFh0sK8Co6pIqFZmtuMUoL4=,Avon,https://images.unidays.world/i/customers/mobile/active/62d77d28-7038-4480-a447-0e3cd05fef65
1lR78blCv0aDno0ofpAgQ1h0sK8Co6pIqFZmtuMUoL4=,GoPro,https://images.unidays.world/i/self-serve/customer/1lR78blCv0aDno0ofpAgQ1h0sK8Co6pIqFZmtuMUoL4=/logo/png/1ab739e0-721b-4d2a-adca-6eb446c0f195
Qo0YfPOtD0qQxashsPIQ0Fh0sK8Co6pIqFZmtuMUoL4=,Urban Outfitters,https://images.unidays.world/i/self-serve/customer/Qo0YfPOtD0qQxashsPIQ0Fh0sK8Co6pIqFZmtuMUoL4=/logo/png/bc20554b-ccfa-4d1b-a5ab-062d3e83aac5
LVvy864H60GKwwwm3PIoplh0sK8Co6pIqFZmtuMUoL4=,UNiDAYS Careers,https://images.unidays.world/i/self-serve/customer/LVvy864H60GKwwwm3PIoplh0sK8Co6pIqFZmtuMUoL4=/logo/png/075fdb5f-3e78-44b3-bb83-a21b789ad2a1
Uu3z-OBRMECOj3SNGZDOE1h0sK8Co6pIqFZmtuMUoL4=,Pink Boutique,https://images.unidays.world/i/customers/mobile/active/ce6f34b8-b012-4e91-9df6-35fb7ca5fc3e
ZK8nMTHpPkup_6Mw-AFDQ1h0sK8Co6pIqFZmtuMUoL4=,UNiDAYS Podium,https://images.unidays.world/i/self-serve/customer/ZK8nMTHpPkup_6Mw-AFDQ1h0sK8Co6pIqFZmtuMUoL4=/logo/png/4903ad38-e0ab-4c52-9263-78df846d5ac2
Mm50d9P-PUK2j_pnK8YtE1h0sK8Co6pIqFZmtuMUoL4=,Karen Millen,https://images.unidays.world/i/self-serve/customer/Mm50d9P-PUK2j_pnK8YtE1h0sK8Co6pIqFZmtuMUoL4=/logo/png/47fc9df5-2f3d-4f6b-beac-bb2a3263b67d
rfV1QQT170WItHXpFwHIolh0sK8Co6pIqFZmtuMUoL4=,Leeds University Union,https://images.unidays.world/i/self-serve/customer/rfV1QQT170WItHXpFwHIolh0sK8Co6pIqFZmtuMUoL4=/logo/png/649c0720-ea12-4aac-a467-c2d10d23149b
dWi7y2WZPEOxOA76r5COv1h0sK8Co6pIqFZmtuMUoL4=,MuscleFood,https://images.unidays.world/i/self-serve/customer/dWi7y2WZPEOxOA76r5COv1h0sK8Co6pIqFZmtuMUoL4=/logo/png/83cc8e83-ee32-4fae-bd04-3c87c7715179
j2YxD8ljgk-z3R7bOvf_iVh0sK8Co6pIqFZmtuMUoL4=,Teva,https://images.unidays.world/i/customers/mobile/active/700b40a7-e1c8-489d-81de-259217e5a826
ybwjYl0BIkOdhrrqGTXLA1h0sK8Co6pIqFZmtuMUoL4=,TeamSport,https://images.unidays.world/i/customers/mobile/active/95ff09ef-9f21-4aa8-8170-9808e4b9829a
5rJoCIx6EEmKZUC7xcD2gFh0sK8Co6pIqFZmtuMUoL4=,Mondly,https://images.unidays.world/i/customers/mobile/active/04c8b8c6-552e-4a9c-8d76-fa0603ad5f5f
dq1LRztHcUelIuYc2SW26Vh0sK8Co6pIqFZmtuMUoL4=,Feeld,https://images.unidays.world/i/self-serve/customer/dq1LRztHcUelIuYc2SW26Vh0sK8Co6pIqFZmtuMUoL4=/logo/png/e64e7ef9-b480-45ff-b839-b94c342e8570
CfMvQ1WuiUuRGmLWw5doxVh0sK8Co6pIqFZmtuMUoL4=,Craghoppers,https://images.unidays.world/i/customers/mobile/active/7a3fd1d8-29b5-4639-8e4c-9e6b7ff11592
4Ys40zlRqUGBfWTs1DFZllh0sK8Co6pIqFZmtuMUoL4=,Fenwick,https://images.unidays.world/i/customers/mobile/active/607c9b52-e531-4f32-bf16-c61607ec7916
E5QceyYUIkGr5X83mUfJw1h0sK8Co6pIqFZmtuMUoL4=,Myvitamins,https://images.unidays.world/i/customers/mobile/active/7682f727-70b7-4a2a-8e9a-403b2f1ff62d
W5q8GoL22kWogDRZFqFMbVh0sK8Co6pIqFZmtuMUoL4=,Quizlet,https://images.unidays.world/i/customers/mobile/active/d6ba6afe-bc5b-4474-866c-a5ec4cfddebf
478PqwxqM0WoujHFM4mDIlh0sK8Co6pIqFZmtuMUoL4=,French Connection,https://images.unidays.world/i/customers/mobile/active/f8e2b6e4-504b-4cfc-98f5-47d08bf19c0f
185VWg7pJ0WTxXZ8veP6zFh0sK8Co6pIqFZmtuMUoL4=,MADE.COM,https://images.unidays.world/i/self-serve/customer/185VWg7pJ0WTxXZ8veP6zFh0sK8Co6pIqFZmtuMUoL4=/logo/png/09656a30-8b75-446b-af16-d425bf0088c6
CxgbXr2jLUSGHv_enQH4Ylh0sK8Co6pIqFZmtuMUoL4=,GRADLiFE Careers,https://images.unidays.world/i/self-serve/customer/CxgbXr2jLUSGHv_enQH4Ylh0sK8Co6pIqFZmtuMUoL4=/logo/png/b5b7ccba-5ce2-4a2d-afae-35cedb7e82b1
DHEftres00qOPfokdXib51h0sK8Co6pIqFZmtuMUoL4=,yfood,https://images.unidays.world/i/customers/mobile/active/724d64c2-0e34-4f90-af9f-73e0f2c7e215
e4Jjvh8VnE6s-qjYlNpjrlh0sK8Co6pIqFZmtuMUoL4=,Groupon,https://images.unidays.world/i/self-serve/customer/e4Jjvh8VnE6s-qjYlNpjrlh0sK8Co6pIqFZmtuMUoL4=/logo/png/c0e1c396-54e4-45a0-aa88-8db601b9c086
kQcEyzOOmUy_pXSD0t3jE1h0sK8Co6pIqFZmtuMUoL4=,Evernote,https://images.unidays.world/i/customers/mobile/active/f1d0fc4a-7bf0-4d7d-8744-a38a046d7a85
toxBeY7RmEe8p1vcyGi0ZFh0sK8Co6pIqFZmtuMUoL4=,MyTutor,https://images.unidays.world/i/self-serve/customer/toxBeY7RmEe8p1vcyGi0ZFh0sK8Co6pIqFZmtuMUoL4=/logo/png/f9ceb514-36df-4058-baa9-0c4ebb452d50
7UGeJxEkgEKg4JwrAdCAwFh0sK8Co6pIqFZmtuMUoL4=,Ray-Ban,https://images.unidays.world/i/self-serve/customer/7UGeJxEkgEKg4JwrAdCAwFh0sK8Co6pIqFZmtuMUoL4=/logo/png/f2cebbb9-95cb-4a34-9d75-7871efa89eb4
sX6rEaAmOEWIf5rJ97PmL1h0sK8Co6pIqFZmtuMUoL4=,ESPA,https://images.unidays.world/i/customers/mobile/active/fb3d359f-82cd-49fb-80e0-008accdd3aea
wnJffW3Jnk-5ngxH2Yt5NFh0sK8Co6pIqFZmtuMUoL4=,Vodafone,https://images.unidays.world/i/customers/mobile/active/89c6a131-5e97-4213-9b38-e6e26179db4d
3m1dNcCTtEWEf3lCPMN1NFh0sK8Co6pIqFZmtuMUoL4=,Grow Gorgeous,https://images.unidays.world/i/customers/mobile/active/d875acab-f622-4f29-b27e-d36e55f197d6
a9TYnmYSjkeH2usHTGbRhlh0sK8Co6pIqFZmtuMUoL4=,Avid,https://images.unidays.world/i/customers/mobile/active/947352dc-6e4c-4acf-b380-54f55e33bc72
c2thNnh-lkerCBKw8JV1Llh0sK8Co6pIqFZmtuMUoL4=,LNER,https://images.unidays.world/i/customers/mobile/active/8b37f2c2-6426-4e2f-a689-92d35e90d2cf
czHOVcaiWkKb-ixqJiKKAFh0sK8Co6pIqFZmtuMUoL4=,Lucy & Yak,https://images.unidays.world/i/self-serve/customer/czHOVcaiWkKb-ixqJiKKAFh0sK8Co6pIqFZmtuMUoL4=/logo/png/d33e3116-04ea-43a8-8b6c-341b8e037bff
qcZ2N_d6KEOjuprvmZss9lh0sK8Co6pIqFZmtuMUoL4=,Perlego,https://images.unidays.world/i/self-serve/customer/qcZ2N_d6KEOjuprvmZss9lh0sK8Co6pIqFZmtuMUoL4=/logo/png/36762275-d4f9-4d00-a3bd-9d24ab01dc6f
f4M2yWFCJ0abcZfni_0IRlh0sK8Co6pIqFZmtuMUoL4=,Garmin,https://images.unidays.world/i/self-serve/customer/f4M2yWFCJ0abcZfni_0IRlh0sK8Co6pIqFZmtuMUoL4=/logo/png/4e309880-c029-410f-842e-922d2a07ccae
QDyHZaHGR0OkA1Jb20VYGlh0sK8Co6pIqFZmtuMUoL4=,Sennheiser,https://images.unidays.world/i/customers/mobile/active/191d34d7-c1a0-4330-9fd2-24b04379d17e
Wv_WxSdzKUySC1vHDA1EKFh0sK8Co6pIqFZmtuMUoL4=,Tinder,https://images.unidays.world/i/customers/mobile/active/9d9f3646-56b4-452d-b19e-99f6c6926946
XIYtPj79PUi_znLgPGVrJ1h0sK8Co6pIqFZmtuMUoL4=,Currys,https://images.unidays.world/i/self-serve/customer/XIYtPj79PUi_znLgPGVrJ1h0sK8Co6pIqFZmtuMUoL4=/logo/png/585f1105-67a1-4f07-983c-dbcf3893fb42
U6hrbCieQkSjDBYchxf9_Fh0sK8Co6pIqFZmtuMUoL4=,Coach,https://images.unidays.world/i/customers/mobile/active/0ecc16dc-64ea-4a99-b305-f7724407b1ae
JYUS6IUafEa9rV3bmMDPCFh0sK8Co6pIqFZmtuMUoL4=,Miindset,https://images.unidays.world/i/self-serve/customer/JYUS6IUafEa9rV3bmMDPCFh0sK8Co6pIqFZmtuMUoL4=/logo/png/fc093e54-7866-4987-a53d-f5f90735f702
3WXebIDUOEKNPGN6CyAxL1h0sK8Co6pIqFZmtuMUoL4=,giffgaff,https://images.unidays.world/i/customers/mobile/active/e0483052-fce2-4e21-a286-0d505671a997
102kfE4Q6EaSoQkLKMa8JVh0sK8Co6pIqFZmtuMUoL4=,Photobox,https://images.unidays.world/i/customers/mobile/active/e6910954-296f-44b7-bc61-94ac9854e1a4
B0z72hSxTUeVrJbV5_CXh1h0sK8Co6pIqFZmtuMUoL4=,ASK Italian,https://images.unidays.world/i/self-serve/customer/B0z72hSxTUeVrJbV5_CXh1h0sK8Co6pIqFZmtuMUoL4=/logo/png/292e657b-6111-47f5-a854-3e6c1e427753
y8g5fGHsMEiiTXKZJwPRYFh0sK8Co6pIqFZmtuMUoL4=,Foot Locker,https://images.unidays.world/i/customers/mobile/active/fa1e7b6d-ea9c-4e46-8689-5b9d9337a38e
TvooAR8uAUC64k5zpTXNVlh0sK8Co6pIqFZmtuMUoL4=,Shoeaholics,https://images.unidays.world/i/self-serve/customer/TvooAR8uAUC64k5zpTXNVlh0sK8Co6pIqFZmtuMUoL4=/logo/png/0839fab1-89d1-49b9-b880-f51d4ee3c585
fvMoNV2UMEyvpbZ-krn7D1h0sK8Co6pIqFZmtuMUoL4=,IKEA,https://images.unidays.world/i/customers/mobile/active/2d193132-2e7c-4548-b90a-f29f1320098c
ae0xTt3_hUKklgCltGDzE1h0sK8Co6pIqFZmtuMUoL4=,Syndi Health,https://images.unidays.world/i/self-serve/customer/ae0xTt3_hUKklgCltGDzE1h0sK8Co6pIqFZmtuMUoL4=/logo/png/b16a6a58-43ec-4630-8475-eeb7b7e44364
9BQLatuJ-0WoOCcFBQOVMlh0sK8Co6pIqFZmtuMUoL4=,Hawes & Curtis,https://images.unidays.world/i/customers/mobile/active/93a6c46a-0d4d-4b24-b670-65c313795deb
TRiKQEwD3EqCsxNjfYe_KVh0sK8Co6pIqFZmtuMUoL4=,Corsair,https://images.unidays.world/i/customers/mobile/active/fbd137de-ad58-4938-ba38-9bbfe8bb0887
MsGuW8MW1kKKAuiAzmIEzlh0sK8Co6pIqFZmtuMUoL4=,PrettyLittleThing,https://images.unidays.world/i/customers/mobile/active/00703dfa-f5f9-432b-b549-f711acec4c84
r8UVBBecfUyg2oOfaNOC4lh0sK8Co6pIqFZmtuMUoL4=,Foodspring,https://images.unidays.world/i/customers/mobile/active/ff121ca7-0fe9-4c61-a43d-3d096faef568
WDoe39mlkkms5vHpN-c_mVh0sK8Co6pIqFZmtuMUoL4=,BEAUTY PIE,https://images.unidays.world/i/customers/mobile/active/8d21b200-dd8e-4720-b73f-a5c44e923141
7stC2uwaHEuJXrybEj6CUVh0sK8Co6pIqFZmtuMUoL4=,Regatta,https://images.unidays.world/i/customers/mobile/active/2352e176-a344-49d0-80db-930059ab7b3b
z48z2W_9f0u4paq9aUA2lVh0sK8Co6pIqFZmtuMUoL4=,Glide,https://images.unidays.world/i/customers/mobile/active/048cc6e6-95f5-450f-89e8-6ed081ee4fe7
qgdREgWu0UavfosgJy7kU1h0sK8Co6pIqFZmtuMUoL4=,TGI Fridays,https://images.unidays.world/i/self-serve/customer/qgdREgWu0UavfosgJy7kU1h0sK8Co6pIqFZmtuMUoL4=/logo/png/85700756-eddc-4e6e-88b7-8c6fae040a0a
55edBXHI-Eio-d08dw_H4lh0sK8Co6pIqFZmtuMUoL4=,Nespresso,https://images.unidays.world/i/self-serve/customer/55edBXHI-Eio-d08dw_H4lh0sK8Co6pIqFZmtuMUoL4=/logo/png/79a9e3b1-2809-43fb-8818-c8f7433683ed
4uQKS2eUh0qeFxBI6lmz1Fh0sK8Co6pIqFZmtuMUoL4=,Accessorize,https://images.unidays.world/i/customers/mobile/active/54f6444b-63a9-46c8-9160-f6de102e5554
Ml-wMUJuQ0SmI9IevZ-KT1h0sK8Co6pIqFZmtuMUoL4=,H&M,https://images.unidays.world/i/customers/mobile/active/cbc4d211-3d80-4093-a4f1-5e1d375b2471
gudGBAjJTk2oRrFimhksAlh0sK8Co6pIqFZmtuMUoL4=,Unmind,https://images.unidays.world/i/customers/mobile/active/ccadcceb-2c42-4e7c-b7e3-1106a9ade218
Dic9zHr_nUG9lVdPA8wJT1h0sK8Co6pIqFZmtuMUoL4=,Typo,https://images.unidays.world/i/self-serve/customer/Dic9zHr_nUG9lVdPA8wJT1h0sK8Co6pIqFZmtuMUoL4=/logo/png/aa4e8ef0-8474-445a-8265-03a24efba4ad
qOJc9ZSS4EW2XitPwuoA91h0sK8Co6pIqFZmtuMUoL4=,VideoScribe,https://images.unidays.world/i/self-serve/customer/qOJc9ZSS4EW2XitPwuoA91h0sK8Co6pIqFZmtuMUoL4=/logo/png/2ce5ce04-e70d-47e9-9ff9-db2bd7668671
-h7MrJrV9UCge8MPA-T3flh0sK8Co6pIqFZmtuMUoL4=,Jack Wills,https://images.unidays.world/i/self-serve/customer/-h7MrJrV9UCge8MPA-T3flh0sK8Co6pIqFZmtuMUoL4=/logo/png/67ee9455-6bbb-4783-b991-b410aa3fb359
I47AbyYwNUmG2WZL8q_7nFh0sK8Co6pIqFZmtuMUoL4=,frank body,https://images.unidays.world/i/customers/mobile/active/50a7e316-a8c5-469a-9d57-683bd30317dd
jGo0BbQDfkOr59tsRBfdXFh0sK8Co6pIqFZmtuMUoL4=,Razer,https://images.unidays.world/i/self-serve/customer/jGo0BbQDfkOr59tsRBfdXDgO6z_SuWBFvjBsLgMveMA=/logo/png/002ec626-cae3-45f1-b5e1-2001aa6f284a
Nsh0hzfa00K8yfvQLVGF0lh0sK8Co6pIqFZmtuMUoL4=,IONOS,https://images.unidays.world/i/customers/mobile/active/650ea339-91be-4135-af19-79dc3c79a7bc
CUlei71wgECXWeod6Deeg1h0sK8Co6pIqFZmtuMUoL4=,L'OCCITANE,https://images.unidays.world/i/customers/mobile/active/36b15061-234e-4c25-9d3f-9e4e8438451f
Ty6LfaQXKkOiZ_M3Llgr51h0sK8Co6pIqFZmtuMUoL4=,Sky,https://images.unidays.world/i/customers/mobile/active/4aaadc85-e35d-47d6-bddd-37951f5be642
QBHE44bGME-O18x8B3LEKFh0sK8Co6pIqFZmtuMUoL4=,Studydrive,https://images.unidays.world/i/customers/mobile/active/b7780e52-3d48-4426-b4a5-b84fb09dedc3
AlyrodLC60-yNYGHONNLD1h0sK8Co6pIqFZmtuMUoL4=,Raleigh,https://images.unidays.world/i/self-serve/customer/AlyrodLC60-yNYGHONNLD1h0sK8Co6pIqFZmtuMUoL4=/logo/png/6fc1f6ef-ba5a-4546-8740-ef21a196ba11
E1XHRcLKNkmhz8PeZscOFVh0sK8Co6pIqFZmtuMUoL4=,De'Longhi,https://images.unidays.world/i/self-serve/customer/E1XHRcLKNkmhz8PeZscOFat6wmOPiLxIsGt2wvqyFeE=/logo/png/57136066-f32a-4285-998f-88af35a1a572
nXygpcO9nkCgeDh1u9p7_1h0sK8Co6pIqFZmtuMUoL4=,CamperDays,https://images.unidays.world/i/self-serve/customer/nXygpcO9nkCgeDh1u9p7_1h0sK8Co6pIqFZmtuMUoL4=/logo/png/f2b77585-477d-4835-8285-080cb67dcfa0
yxD3CsaOQUGjuc-f1IuK_lh0sK8Co6pIqFZmtuMUoL4=,UoN Careers,https://images.unidays.world/i/self-serve/customer/yxD3CsaOQUGjuc-f1IuK_lh0sK8Co6pIqFZmtuMUoL4=/logo/png/08ad1ade-dae0-4325-bc05-57e12590f36e
gBpcRSCL5UezF2EG_i8K7Vh0sK8Co6pIqFZmtuMUoL4=,SMARTY,https://images.unidays.world/i/self-serve/customer/gBpcRSCL5UezF2EG_i8K7Vh0sK8Co6pIqFZmtuMUoL4=/logo/png/030215df-f4ff-4139-9080-356f87b027a3
95mUgjzIw0afeVkYKHU-BFh0sK8Co6pIqFZmtuMUoL4=,Bo+Tee,https://images.unidays.world/i/customers/mobile/active/3655916e-7b3e-4676-b3d1-3d91e98c33d3
OOXRWdjP1kaRCOKNOv8Eb1h0sK8Co6pIqFZmtuMUoL4=,PRO:Direct Running,https://images.unidays.world/i/customers/mobile/active/8eaceee3-f59b-4ab6-9fb1-7f5609ea255a
Sg5av3Q8a0-1UnWjQ-pCX1h0sK8Co6pIqFZmtuMUoL4=,Apple Store Online,https://images.unidays.world/i/self-serve/customer/Sg5av3Q8a0-1UnWjQ-pCX1h0sK8Co6pIqFZmtuMUoL4=/logo/png/e1f863b9-d951-4078-a4d9-efea752badfe
uXZzKxjyYk6ASIKq-bxgP1h0sK8Co6pIqFZmtuMUoL4=,The INKEY List,https://images.unidays.world/i/self-serve/customer/uXZzKxjyYk6ASIKq-bxgP1h0sK8Co6pIqFZmtuMUoL4=/logo/png/a837cbfb-849c-4a23-831e-99630a5481f5
mbtZzrTatkem944MJRqplFh0sK8Co6pIqFZmtuMUoL4=,Mister Spex,https://images.unidays.world/i/customers/mobile/active/320fcc88-6aab-4a61-834a-686c85578103
4YcS-xLylkeJc9CNm-1ollh0sK8Co6pIqFZmtuMUoL4=,Rubi,https://images.unidays.world/i/customers/mobile/active/c02de87b-fbe0-438b-a872-16f6a84e6734
ElAP8UiLuEKBtpvbMDA04Vh0sK8Co6pIqFZmtuMUoL4=,PureGym,https://images.unidays.world/i/self-serve/customer/ElAP8UiLuEKBtpvbMDA04Vh0sK8Co6pIqFZmtuMUoL4=/logo/png/e0c159ec-66bf-48d6-a7f7-773c9bf07d0a
jpTIk8Wck0Gj6spzlyBap1h0sK8Co6pIqFZmtuMUoL4=,Footpatrol,https://images.unidays.world/i/customers/mobile/active/c8e6a98d-d697-4bf8-bd1f-cf758e5bc522
A505R4f520WIl5AA9FJu6lh0sK8Co6pIqFZmtuMUoL4=,Google Store,https://images.unidays.world/i/customers/mobile/active/f17cca73-b84d-42c0-adbc-eb56e22007d7
g1vGnxHyW0Ot8H90weFfQVh0sK8Co6pIqFZmtuMUoL4=,Millican,https://images.unidays.world/i/self-serve/customer/g1vGnxHyW0Ot8H90weFfQVh0sK8Co6pIqFZmtuMUoL4=/logo/png/f494e2da-49ec-48f1-8e43-228c26580d90
mfq8CjEghky90S-t4IfWj1h0sK8Co6pIqFZmtuMUoL4=,Tessuti,https://images.unidays.world/i/customers/mobile/active/fc0ea7a8-fca6-4e41-ad38-f20c5483960c
IhhpJ92pXk2f6QGfvLO_iVh0sK8Co6pIqFZmtuMUoL4=,K-Swiss,https://images.unidays.world/i/self-serve/customer/IhhpJ92pXk2f6QGfvLO_iVh0sK8Co6pIqFZmtuMUoL4=/logo/png/053a2465-7526-453d-93c4-ab8f39b254a1
R_0h7A7vjkCVj23c7AB30Fh0sK8Co6pIqFZmtuMUoL4=,Bershka,https://images.unidays.world/i/self-serve/customer/R_0h7A7vjkCVj23c7AB30Fh0sK8Co6pIqFZmtuMUoL4=/logo/png/7c2cb6da-0f0b-46ab-a1e9-e479724f5707
WcLelaz0hEWrHzwCHC4LVVh0sK8Co6pIqFZmtuMUoL4=,Avast,https://images.unidays.world/i/self-serve/customer/WcLelaz0hEWrHzwCHC4LVVh0sK8Co6pIqFZmtuMUoL4=/logo/png/96f6b7ae-a8ea-4b3b-b54c-1f810534cb0e
e_Q5PW8_L0iuxXz9o9A33Fh0sK8Co6pIqFZmtuMUoL4=,My Bag,https://images.unidays.world/i/self-serve/customer/e_Q5PW8_L0iuxXz9o9A33Fh0sK8Co6pIqFZmtuMUoL4=/logo/png/0263bb98-9d19-4650-bfde-4bc70ca9b5b2
JIOkXkDUnkutX88KuCyFxFh0sK8Co6pIqFZmtuMUoL4=,YSL Beauty,https://images.unidays.world/i/customers/mobile/active/5b3d8e6c-a06d-47ae-a18c-3409561a16d0
khhjodu_SEK3kArdAlkXEFh0sK8Co6pIqFZmtuMUoL4=,Cernucci,https://images.unidays.world/i/self-serve/customer/khhjodu_SEK3kArdAlkXEFh0sK8Co6pIqFZmtuMUoL4=/logo/png/2aca7c9e-8928-45a1-9b98-3f17ab1aff83
FTHsMlwsp02DofU-FLG-2lh0sK8Co6pIqFZmtuMUoL4=,Braun,https://images.unidays.world/i/self-serve/customer/FTHsMlwsp02DofU-FLG-2lh0sK8Co6pIqFZmtuMUoL4=/logo/png/7ab596b7-fb50-41f7-93e1-11a83b21d9c9
x4xbLtp6qke0JGQ6cTySHFh0sK8Co6pIqFZmtuMUoL4=,Ace and Tate,https://images.unidays.world/i/self-serve/customer/x4xbLtp6qke0JGQ6cTySHFh0sK8Co6pIqFZmtuMUoL4=/logo/png/aa2e0756-016f-4474-bab8-5667d71ced81
T95mxJJ-ukWw_n7nEjmaXFh0sK8Co6pIqFZmtuMUoL4=,MusicGurus,https://images.unidays.world/i/self-serve/customer/T95mxJJ-ukWw_n7nEjmaXFh0sK8Co6pIqFZmtuMUoL4=/logo/png/daba2b30-2f81-4c99-ae0d-0ca7e6b8e98f
nfWqqxP8LUOcwzL35q0JTlh0sK8Co6pIqFZmtuMUoL4=,The Cambridge Satchel Co.,https://images.unidays.world/i/self-serve/customer/nfWqqxP8LUOcwzL35q0JTlh0sK8Co6pIqFZmtuMUoL4=/logo/png/b9ef7a60-ef87-4eba-9562-753799f56dbc
lDHjPkx6K0ecB-60FBGK1Fh0sK8Co6pIqFZmtuMUoL4=,HM Government,https://images.unidays.world/i/self-serve/customer/lDHjPkx6K0ecB-60FBGK1Fh0sK8Co6pIqFZmtuMUoL4=/logo/png/c0ca98d3-36b6-408e-9b43-1310c7c19436
02wmwk1RtEmk51gb5aUviVh0sK8Co6pIqFZmtuMUoL4=,Select Fashion,https://images.unidays.world/i/customers/mobile/active/00262711-9f21-43d2-9422-47ef85a31dd6
TBB6NWJZ7EmOWAThhcEULFh0sK8Co6pIqFZmtuMUoL4=,Lovell Soccer,https://images.unidays.world/i/customers/mobile/active/1608a892-e519-4631-98d0-17a4ddca945a
Kl8z07PjN0egDDmoO6b4KVh0sK8Co6pIqFZmtuMUoL4=,Timberland,https://images.unidays.world/i/customers/mobile/active/8faa85ef-6fbb-4b95-b22a-e258aee27965
m8L4F26ViE6qdsNBq64OH1h0sK8Co6pIqFZmtuMUoL4=,FACT Store,https://images.unidays.world/i/self-serve/customer/m8L4F26ViE6qdsNBq64OH1h0sK8Co6pIqFZmtuMUoL4=/logo/png/9a51a270-83b2-47ad-961f-72bd9e6b85d6
_OypRg6Kk0eA8AWI-Hfwilh0sK8Co6pIqFZmtuMUoL4=,CCL Computers,https://images.unidays.world/i/self-serve/customer/_OypRg6Kk0eA8AWI-Hfwilh0sK8Co6pIqFZmtuMUoL4=/logo/png/91c941c7-c8ba-4019-94ee-ddd776e606f8
MiuCuIn4sEqMho-G0H4zs1h0sK8Co6pIqFZmtuMUoL4=,Overclockers UK,https://images.unidays.world/i/customers/mobile/active/617feb57-e480-4ba2-aa46-1fe72573377c
7MjhOQb8sEm4OdUI6sYOqVh0sK8Co6pIqFZmtuMUoL4=,Hypnia Mattress,https://images.unidays.world/i/customers/mobile/active/0199534f-a3f5-4453-a1fc-14396f9ab3be
b83r6HD6HkmVn8zFVYbrb1h0sK8Co6pIqFZmtuMUoL4=,Protein Works,https://images.unidays.world/i/self-serve/customer/b83r6HD6HkmVn8zFVYbrb1h0sK8Co6pIqFZmtuMUoL4=/logo/png/33fd3ea1-7b47-44b9-a3a7-19d4c8668334
37Kw-HonDUCI3nA76bJLd1h0sK8Co6pIqFZmtuMUoL4=,Horizn Studios,https://images.unidays.world/i/self-serve/customer/37Kw-HonDUCI3nA76bJLd7Yo6XU5rUpKnu_6t5b7bQs=/logo/png/bd37efa0-eab6-4bc3-a3b5-754674a0bec4
qyHYTAlxTUacCWvYYiW8p1h0sK8Co6pIqFZmtuMUoL4=,The Gym Group,https://images.unidays.world/i/self-serve/customer/qyHYTAlxTUacCWvYYiW8p1h0sK8Co6pIqFZmtuMUoL4=/logo/png/b7f0c41d-fa02-4886-b2bc-430738ce5435
QZ_VW7COUkCGa4_FFrRo7Vh0sK8Co6pIqFZmtuMUoL4=,SCCU Group,https://images.unidays.world/i/self-serve/customer/QZ_VW7COUkCGa4_FFrRo7Vh0sK8Co6pIqFZmtuMUoL4=/logo/png/bbffe2d3-77c2-4808-862a-c69e81576138
AshMm_qq40yhE9rm_-J5tVh0sK8Co6pIqFZmtuMUoL4=,Prograd,https://images.unidays.world/i/self-serve/customer/AshMm_qq40yhE9rm_-J5tVh0sK8Co6pIqFZmtuMUoL4=/logo/png/8c5b983b-98b8-44d2-86a7-6efcddeea1d6
nZZcXC0JsEC30qXYUCJ-3Fh0sK8Co6pIqFZmtuMUoL4=,Rituals,https://images.unidays.world/i/customers/mobile/active/e9f52c31-07f5-41a4-92c5-948dfda6e117
YjLuEOemhkWf5vuZPDwdwVh0sK8Co6pIqFZmtuMUoL4=,Misfits Health,https://images.unidays.world/i/self-serve/customer/YjLuEOemhkWf5vuZPDwdwVh0sK8Co6pIqFZmtuMUoL4=/logo/png/d65c1c76-8303-4391-8ea6-3de877b078b0
T7SSk_rSy0ekksr8rQk4wVh0sK8Co6pIqFZmtuMUoL4=,Dell Outlet,https://images.unidays.world/i/self-serve/customer/T7SSk_rSy0ekksr8rQk4wVh0sK8Co6pIqFZmtuMUoL4=/logo/png/c80c43d6-332b-496d-bff8-a5b8cfe7ed35
jjDnEM7CUk6vAPukwOpLXlh0sK8Co6pIqFZmtuMUoL4=,LOOKFANTASTIC,https://images.unidays.world/i/self-serve/customer/jjDnEM7CUk6vAPukwOpLXlh0sK8Co6pIqFZmtuMUoL4=/logo/png/126c80f8-58af-4a14-8651-f4b92525fb74
b5mTnRtRYEu1aw5pLqM5V1h0sK8Co6pIqFZmtuMUoL4=,edX,https://images.unidays.world/i/self-serve/customer/b5mTnRtRYEu1aw5pLqM5V1h0sK8Co6pIqFZmtuMUoL4=/logo/png/dc495baf-f5e3-4ca7-bf19-531fa73229f1
lETkNoFEmUW_ylETCs5_u1h0sK8Co6pIqFZmtuMUoL4=,Samsung,https://images.unidays.world/i/customers/mobile/active/851c5642-c781-4588-97e9-4178eb4e141f
WU05s6p2jUiTEaauQ5NEBFh0sK8Co6pIqFZmtuMUoL4=,Fragrance Direct,https://images.unidays.world/i/self-serve/customer/WU05s6p2jUiTEaauQ5NEBFh0sK8Co6pIqFZmtuMUoL4=/logo/png/9e6b50db-3229-4b3a-abf6-1413deb9f9de
Ezi4rn66KEmEWzA8y3bm6lh0sK8Co6pIqFZmtuMUoL4=,Lastminute.com,https://images.unidays.world/i/customers/mobile/active/e5bf9dad-5786-421a-93d9-328a79dbfcda
VOaz6Wvy0ECDSiIvuEW9plh0sK8Co6pIqFZmtuMUoL4=,Camper,https://images.unidays.world/i/customers/mobile/active/52ee9145-48c4-4849-9494-fe987dbae2c3
dMEyXjczfkC55057acEdtVh0sK8Co6pIqFZmtuMUoL4=,The Fragrance Shop,https://images.unidays.world/i/self-serve/customer/dMEyXjczfkC55057acEdtVh0sK8Co6pIqFZmtuMUoL4=/logo/png/cb919fd4-2db4-4020-a6e8-c6d9728faad2
Cd4hpNHEMUa8KkBLugQ4AFh0sK8Co6pIqFZmtuMUoL4=,Pave,https://images.unidays.world/i/self-serve/customer/Cd4hpNHEMUa8KkBLugQ4AFh0sK8Co6pIqFZmtuMUoL4=/logo/png/01e51526-dd56-4a5a-a91c-9880832ae01f
sDdDQ5jO3k6fbMgSePBKlFh0sK8Co6pIqFZmtuMUoL4=,DataCamp,https://images.unidays.world/i/customers/mobile/active/d457a87d-f826-4e72-82f8-f3e1812dba1c
RMyMN6-BpE2ztcizDmDs2Fh0sK8Co6pIqFZmtuMUoL4=,Body & Fit,https://images.unidays.world/i/self-serve/customer/RMyMN6-BpE2ztcizDmDs2Fh0sK8Co6pIqFZmtuMUoL4=/logo/png/578f159f-f398-459e-a015-062e1f6963c0
GVSmxZ4VYU-WhmLzhcuYTFh0sK8Co6pIqFZmtuMUoL4=,Blue Nile,https://images.unidays.world/i/customers/mobile/active/96a598b3-8b28-4608-85a4-254d0f59c113
RZirUNhhCEiOKkbE6JhIv1h0sK8Co6pIqFZmtuMUoL4=,Horace,https://images.unidays.world/i/self-serve/customer/RZirUNhhCEiOKkbE6JhIv1h0sK8Co6pIqFZmtuMUoL4=/logo/png/f0462626-795c-494c-8b11-99327abf3288
hIHrbdsFzE-SJ_4PYnRcTlh0sK8Co6pIqFZmtuMUoL4=,Apple Music,https://images.unidays.world/i/self-serve/customer/hIHrbdsFzE-SJ_4PYnRcTlh0sK8Co6pIqFZmtuMUoL4=/logo/png/ead9fef1-b674-4c6f-b86c-1c9176f87c47
UJKWMq0LCUu_Bt_mdw5YF1h0sK8Co6pIqFZmtuMUoL4=,Dickies,https://images.unidays.world/i/self-serve/customer/UJKWMq0LCUu_Bt_mdw5YF1h0sK8Co6pIqFZmtuMUoL4=/logo/png/fb89d5a8-e271-427d-867c-dbe021421b26
8aTB9WJ2GkaHQUerUPJjxlh0sK8Co6pIqFZmtuMUoL4=,Grammarly,https://images.unidays.world/i/self-serve/customer/8aTB9WJ2GkaHQUerUPJjxlh0sK8Co6pIqFZmtuMUoL4=/logo/png/a101b49b-077f-4d17-aa68-54c0c79867fb
D64wWDtoaUuPBJa25qaxtlh0sK8Co6pIqFZmtuMUoL4=,Evri,https://images.unidays.world/i/self-serve/customer/D64wWDtoaUuPBJa25qaxtlh0sK8Co6pIqFZmtuMUoL4=/logo/png/f7a40505-befa-43fe-90ea-625e0e6bd4d1
AegugFJlP0u6faDdIaz3blh0sK8Co6pIqFZmtuMUoL4=,Prime Video,https://images.unidays.world/i/self-serve/customer/AegugFJlP0u6faDdIaz3blh0sK8Co6pIqFZmtuMUoL4=/logo/png/e50efd00-4ba6-4d51-b545-4e7fc9a45fd1
HtQVC6UZOUCpTtmu0v3pG1h0sK8Co6pIqFZmtuMUoL4=,iD Mobile,https://images.unidays.world/i/self-serve/customer/HtQVC6UZOUCpTtmu0v3pG1h0sK8Co6pIqFZmtuMUoL4=/logo/png/628fbf68-b858-45af-a923-1f0ab16081c4
L8o92fbewk-Q7BepPNOUY1h0sK8Co6pIqFZmtuMUoL4=,Monica Vinader,https://images.unidays.world/i/self-serve/customer/L8o92fbewk-Q7BepPNOUY1h0sK8Co6pIqFZmtuMUoL4=/logo/png/8d52276a-cfc0-4b7a-9755-2a4d77ffcd0c
xF_XcN5xwkez2xec7y0xcFh0sK8Co6pIqFZmtuMUoL4=,Nars,https://images.unidays.world/i/self-serve/customer/xF_XcN5xwkez2xec7y0xcFh0sK8Co6pIqFZmtuMUoL4=/logo/png/657d5203-8b8b-4668-8040-27ae06817ce4
AZM84xr-n0yxF71_i8BBQ1h0sK8Co6pIqFZmtuMUoL4=,UNiDAYS Opportunities,https://images.unidays.world/i/self-serve/customer/AZM84xr-n0yxF71_i8BBQ1h0sK8Co6pIqFZmtuMUoL4=/logo/png/a3068dfb-9cec-4b18-9fb8-e321a08e5bde
3hqYMGlFoU6gQSEe7nxOqlh0sK8Co6pIqFZmtuMUoL4=,Illamasqua,https://images.unidays.world/i/self-serve/customer/3hqYMGlFoU6gQSEe7nxOqlh0sK8Co6pIqFZmtuMUoL4=/logo/png/15bdb0da-fe96-4a99-8f92-c874e1880c28
v6wj9uhKF0KY6sZVUwDDuVh0sK8Co6pIqFZmtuMUoL4=,eQuoo,https://images.unidays.world/i/self-serve/customer/v6wj9uhKF0KY6sZVUwDDuVh0sK8Co6pIqFZmtuMUoL4=/logo/png/d0d65e21-cf10-4fb2-98f1-ae0f87bf330f
iH56Mp2ilUGP-BivpwQ1Elh0sK8Co6pIqFZmtuMUoL4=,Michael Kors,https://images.unidays.world/i/customers/mobile/active/965a876b-6894-4c1c-a233-436b81910f95
gshLmCgnUkaksZWc1OjAv1h0sK8Co6pIqFZmtuMUoL4=,Funded Skills & Training,https://images.unidays.world/i/customers/mobile/active/cbbfedc6-584c-4888-bfb5-1201898ca7b4
-ng95LNdd0yQO7PBGxLig1h0sK8Co6pIqFZmtuMUoL4=,ARKET,https://images.unidays.world/i/self-serve/customer/-ng95LNdd0yQO7PBGxLig1h0sK8Co6pIqFZmtuMUoL4=/logo/png/da2dbe04-4414-42e5-b55c-390c395268d2
fIAlId6uP0OV2V-xjlLGv1h0sK8Co6pIqFZmtuMUoL4=,COS,https://images.unidays.world/i/self-serve/customer/fIAlId6uP0OV2V-xjlLGv1h0sK8Co6pIqFZmtuMUoL4=/logo/png/51a2f371-abb0-450d-857c-8afd6dd85bdf
kznts7FDmUaeoD_d42vFvVh0sK8Co6pIqFZmtuMUoL4=,Joanie Clothing,https://images.unidays.world/i/customers/mobile/active/ceeb125c-39e0-479e-ba37-d394d7ed1fd7
7Q2v75YgnUqM7sPIoZWrnFh0sK8Co6pIqFZmtuMUoL4=,Brilliant,https://images.unidays.world/i/customers/mobile/active/883a27b0-f98e-4fd4-8aaf-43fe2161e62c
hqVmin_vckKRg-jiV2zhZlh0sK8Co6pIqFZmtuMUoL4=,The North Face,https://images.unidays.world/i/customers/mobile/active/40569f22-7802-4d0f-a7f1-b6f0a1b9d6d3
j40LIgoGwUynjMcUpYOaCVh0sK8Co6pIqFZmtuMUoL4=,Fiit,https://images.unidays.world/i/self-serve/customer/j40LIgoGwUynjMcUpYOaCVh0sK8Co6pIqFZmtuMUoL4=/logo/png/ac37e081-22b6-4a3b-a2b4-649f6191160f
v3SfH62vGEualR4SMlTCNlh0sK8Co6pIqFZmtuMUoL4=,Microsoft Digital Skills,https://images.unidays.world/i/self-serve/customer/v3SfH62vGEualR4SMlTCNlh0sK8Co6pIqFZmtuMUoL4=/logo/png/fc379755-6316-4818-a99d-b023b50ffc87
Qx-iPVCV60OBE5DNNkPjc1h0sK8Co6pIqFZmtuMUoL4=,AllSole,https://images.unidays.world/i/customers/mobile/active/ed645326-b57d-4ce6-b466-5df408f534f2
QeTQh6Uu-0OQ1Y9TInKI3Fh0sK8Co6pIqFZmtuMUoL4=,Lovehoney,https://images.unidays.world/i/self-serve/customer/QeTQh6Uu-0OQ1Y9TInKI3Fh0sK8Co6pIqFZmtuMUoL4=/logo/png/ffe8c1af-5bff-4b71-b47f-5d5b2d30df54
JTqcQLxvukqy84foASyGIlh0sK8Co6pIqFZmtuMUoL4=,The Couture Club,https://images.unidays.world/i/customers/mobile/active/d91f8ddc-491b-4b10-a4dc-3b909f7cb756
vTAYpgT_WEe_LqxgD8BPeFh0sK8Co6pIqFZmtuMUoL4=,Rakuten Kobo,https://images.unidays.world/i/customers/mobile/active/7f6ae215-33a1-41f8-bf88-6f4697ed72d9
GWvuwBDgfU-35zyv53U1hlh0sK8Co6pIqFZmtuMUoL4=,boohooMAN,https://images.unidays.world/i/self-serve/customer/GWvuwBDgfU-35zyv53U1hlh0sK8Co6pIqFZmtuMUoL4=/logo/png/9cc489e8-1347-4a21-a9ab-97df5b3165ae
QE6HF4SePkG7WD0Efyg0SVh0sK8Co6pIqFZmtuMUoL4=,Babuji,https://images.unidays.world/i/self-serve/customer/QE6HF4SePkG7WD0Efyg0SVh0sK8Co6pIqFZmtuMUoL4=/logo/png/5e958ab9-0e9b-45e3-8914-3264c6263066
R1ARu8r1k0aB_gAwOH9oTlh0sK8Co6pIqFZmtuMUoL4=,Evans Cycles,https://images.unidays.world/i/customers/mobile/active/5513104b-df79-49c1-b5c6-5ceb7c58b3bd
gKdgUBLtK0eP9AsvqA4ITVh0sK8Co6pIqFZmtuMUoL4=,Dockers,https://images.unidays.world/i/self-serve/customer/gKdgUBLtK0eP9AsvqA4ITVh0sK8Co6pIqFZmtuMUoL4=/logo/png/44d75ff5-e45c-47fa-8d1d-3e38a0449075
K4onUHGnXESknQcxo0uqyFh0sK8Co6pIqFZmtuMUoL4=,shopDisney,https://images.unidays.world/i/customers/mobile/active/bae29214-43d2-40cc-8883-a786cf9303eb
gRO4AT7x5kyQ8KwJ9aRNWVh0sK8Co6pIqFZmtuMUoL4=,Jamworks,https://images.unidays.world/i/self-serve/customer/gRO4AT7x5kyQ8KwJ9aRNWVh0sK8Co6pIqFZmtuMUoL4=/logo/png/46456d82-0d62-49dc-9027-52e625e2398f
8FGZEgOX00GNzp-fX3NptFh0sK8Co6pIqFZmtuMUoL4=,Feel Good Contacts,https://images.unidays.world/i/self-serve/customer/8FGZEgOX00GNzp-fX3NptFh0sK8Co6pIqFZmtuMUoL4=/logo/png/bae5f008-c6a8-4ac7-ac95-282349259f6a
8Ywtzlewgkuo5zgN96-bfFh0sK8Co6pIqFZmtuMUoL4=,Neena Swim,https://images.unidays.world/i/customers/mobile/active/c6327874-0727-41fb-8cca-f9cf1654050d
cwMM4Jy-a06VsIPfj9G9flh0sK8Co6pIqFZmtuMUoL4=,Westfield,https://images.unidays.world/i/self-serve/customer/cwMM4Jy-a06VsIPfj9G9flh0sK8Co6pIqFZmtuMUoL4=/logo/png/96726787-7f8b-4083-962a-0a495db211e1
DxecZ82wZUmbhULspqNJ11h0sK8Co6pIqFZmtuMUoL4=,Regalrose,https://images.unidays.world/i/customers/mobile/active/6d14380a-c967-4754-80d1-1832153f3f0b
Q_zzeyv000yN3UMVS3hHlVh0sK8Co6pIqFZmtuMUoL4=,MasterClass,https://images.unidays.world/i/customers/mobile/active/fe7e3cd3-2b99-4c9a-a280-f05babe4d585
jmzbImOViE67QTeY8n44h1h0sK8Co6pIqFZmtuMUoL4=,Goldsmiths,https://images.unidays.world/i/self-serve/customer/jmzbImOViE67QTeY8n44h1h0sK8Co6pIqFZmtuMUoL4=/logo/png/fe28e325-abbe-4acf-a988-a878050f3fdb
v4xVyOFxP0CnYLYYmKrciVh0sK8Co6pIqFZmtuMUoL4=,Estee Lauder,https://images.unidays.world/i/customers/mobile/active/49ee6ef9-486c-4e74-989b-c18a9a205f06
DJU4FgiP2EWrtkZ_yO2J1lh0sK8Co6pIqFZmtuMUoL4=,Lovell Rugby,https://images.unidays.world/i/self-serve/customer/DJU4FgiP2EWrtkZ_yO2J1lh0sK8Co6pIqFZmtuMUoL4=/logo/png/6f725650-8174-4779-926e-67b0a11517a6
I3tWj1rsgkmd-oGaMdhBklh0sK8Co6pIqFZmtuMUoL4=,Lyre's,https://images.unidays.world/i/customers/mobile/active/d55da7fb-f642-4b56-a601-e64944760413
ry4OaBrQN0-JaO5DzTT7blh0sK8Co6pIqFZmtuMUoL4=,Booking.com,https://images.unidays.world/i/customers/mobile/active/0bfd68a5-493b-4f27-a716-bc3248e4e142
EH4FTQ_u5kWqlMy4W07fdlh0sK8Co6pIqFZmtuMUoL4=,Afends,https://images.unidays.world/i/self-serve/customer/EH4FTQ_u5kWqlMy4W07fdlh0sK8Co6pIqFZmtuMUoL4=/logo/png/b4c6b692-3936-4dfc-9d43-cf3eb0d07055
jAQzhfVWMkK1Xd_ZqP57_Vh0sK8Co6pIqFZmtuMUoL4=,Fanola Official UK Ltd,https://images.unidays.world/i/self-serve/customer/jAQzhfVWMkK1Xd_ZqP57_Vh0sK8Co6pIqFZmtuMUoL4=/logo/png/0c4f0280-432c-437c-84de-f7b629f287d3
PkEDYB7VXUGmMEEXt9ji3lh0sK8Co6pIqFZmtuMUoL4=,Lamoda,https://images.unidays.world/i/customers/mobile/active/7565c119-fd4f-48e3-a0b6-74da2f06d124
brzXH9maF0G420bYKZI251h0sK8Co6pIqFZmtuMUoL4=,I SAW IT FIRST,https://images.unidays.world/i/self-serve/customer/brzXH9maF0G420bYKZI251h0sK8Co6pIqFZmtuMUoL4=/logo/png/c0781cd8-6a51-49ac-83e8-7846ab447591
wEgX3bhsYkitJVDrPy23q1h0sK8Co6pIqFZmtuMUoL4=,KARL LAGERFELD,https://images.unidays.world/i/self-serve/customer/wEgX3bhsYkitJVDrPy23q1h0sK8Co6pIqFZmtuMUoL4=/logo/png/58996e6c-afe1-4d79-bc68-6e52225e742a
ZDJg5swGp0Wrvro9nCE0IVh0sK8Co6pIqFZmtuMUoL4=,Revolut,https://images.unidays.world/i/self-serve/customer/ZDJg5swGp0Wrvro9nCE0IVh0sK8Co6pIqFZmtuMUoL4=/logo/png/449b273d-7169-425e-b3df-130bd031b08f
Cag8RAwbqka28USXMOJMelh0sK8Co6pIqFZmtuMUoL4=,Laser Clinics,https://images.unidays.world/i/customers/mobile/active/abe0399c-c184-4732-91b1-75f7793718bf
dJiCVTlDbEKMpozYAmPMwVh0sK8Co6pIqFZmtuMUoL4=,ZWILLING UK,https://images.unidays.world/i/customers/mobile/active/329b2dc7-0302-452a-9f33-415230b7c5d7
hMXn5T7u00iOLWk4pV7l81h0sK8Co6pIqFZmtuMUoL4=,Nasty Gal,https://images.unidays.world/i/self-serve/customer/hMXn5T7u00iOLWk4pV7l81h0sK8Co6pIqFZmtuMUoL4=/logo/png/705e6426-77b8-472d-bda0-53b5cf65ee81
fI2w_YBNFUy5vErBC6sIdlh0sK8Co6pIqFZmtuMUoL4=,JD Sports,https://images.unidays.world/i/self-serve/customer/fI2w_YBNFUy5vErBC6sIdlh0sK8Co6pIqFZmtuMUoL4=/logo/png/aeeeda3b-9440-4329-81cc-74777c7803b5
HMiryDwAyUu4R0zH4EB5fFh0sK8Co6pIqFZmtuMUoL4=,SEVENSTORE,https://images.unidays.world/i/customers/mobile/active/b4d9775a-3111-4256-a4f0-695038e8b14e
a5uvtiQR8U65ugbwgSEufFh0sK8Co6pIqFZmtuMUoL4=,New Skills Academy,https://images.unidays.world/i/self-serve/customer/a5uvtiQR8U65ugbwgSEufFh0sK8Co6pIqFZmtuMUoL4=/logo/png/e04954da-0144-40d7-bc55-e5502be5b5b5
D1Yao1SYxEaJZs3vvdIJulh0sK8Co6pIqFZmtuMUoL4=,Myprotein,https://images.unidays.world/i/self-serve/customer/D1Yao1SYxEaJZs3vvdIJulh0sK8Co6pIqFZmtuMUoL4=/logo/png/7d3b74d5-0e16-45ac-aa92-b72275356bc8
rQSAQ5d2cky5VXwCLmyLjlh0sK8Co6pIqFZmtuMUoL4=,Reebok,https://images.unidays.world/i/self-serve/customer/rQSAQ5d2cky5VXwCLmyLjlh0sK8Co6pIqFZmtuMUoL4=/logo/png/160bd2e6-edc2-4365-a28a-95bd7f3dfc79
kcpvD1OacEKVpC6W9ZIaIFh0sK8Co6pIqFZmtuMUoL4=,Hotels.com,https://images.unidays.world/i/self-serve/customer/kcpvD1OacEKVpC6W9ZIaIFh0sK8Co6pIqFZmtuMUoL4=/logo/png/aaa62270-2157-478d-83ce-fda5d7011fca
4FFDGqjR-0Oxiaqq42XoNlh0sK8Co6pIqFZmtuMUoL4=,Oh Polly,https://images.unidays.world/i/customers/mobile/active/4f2e7d4e-801e-4770-acb5-8e2f916b724a
JqoJhopj30iKZ_3B8ruLp1h0sK8Co6pIqFZmtuMUoL4=,Military 1st,https://images.unidays.world/i/self-serve/customer/JqoJhopj30iKZ_3B8ruLp1h0sK8Co6pIqFZmtuMUoL4=/logo/png/19f14d27-7a6b-43a2-8129-b10fbfefc963
oHA1IEyniU6VhTfjBjo3ZVh0sK8Co6pIqFZmtuMUoL4=,Udacity,https://images.unidays.world/i/self-serve/customer/oHA1IEyniU6VhTfjBjo3ZVh0sK8Co6pIqFZmtuMUoL4=/logo/png/0eb0b0fc-203a-4202-90ac-9ec787e777e7
zKgTz--oZUu8lMExhhOwNVh0sK8Co6pIqFZmtuMUoL4=,NordVPN,https://images.unidays.world/i/customers/mobile/active/7fbc3ad9-f66c-408a-83d4-6c1c6b68d160
lRhh4Lgv_Ey-jv7bB37EX1h0sK8Co6pIqFZmtuMUoL4=,Sparta GK,https://images.unidays.world/i/self-serve/customer/lRhh4Lgv_Ey-jv7bB37EX1h0sK8Co6pIqFZmtuMUoL4=/logo/png/d4f28cd7-20bc-4a3a-a0ce-76cb340103ba
F31pzU6XE0-axkzyk3XZglh0sK8Co6pIqFZmtuMUoL4=,Microsoft,https://images.unidays.world/i/self-serve/customer/F31pzU6XE0-axkzyk3XZglh0sK8Co6pIqFZmtuMUoL4=/logo/png/7bc89d3f-c899-4ec3-a1de-0f8766971a8f
q_rmu-fq60eVx-biyi7Awlh0sK8Co6pIqFZmtuMUoL4=,Garden of LIfe,https://images.unidays.world/i/self-serve/customer/q_rmu-fq60eVx-biyi7Awlh0sK8Co6pIqFZmtuMUoL4=/logo/png/e9dc5561-5200-4335-b63e-bab4fac0d64e
x6n07AoEoU21YzeRmwvn8lh0sK8Co6pIqFZmtuMUoL4=,HelloFresh,https://images.unidays.world/i/self-serve/customer/x6n07AoEoU21YzeRmwvn8lh0sK8Co6pIqFZmtuMUoL4=/logo/png/39fc0140-3fa8-43dd-91b6-17c00e8e686d
q-JpB4IsKka0-oItIdq9IFh0sK8Co6pIqFZmtuMUoL4=,HIP,https://images.unidays.world/i/self-serve/customer/q-JpB4IsKka0-oItIdq9IFh0sK8Co6pIqFZmtuMUoL4=/logo/png/bd51630d-7246-4890-bc4d-711a21c92d37
n0BZVxISIkOuu1FB-EHQBFh0sK8Co6pIqFZmtuMUoL4=,Manchester City,https://images.unidays.world/i/self-serve/customer/n0BZVxISIkOuu1FB-EHQBFh0sK8Co6pIqFZmtuMUoL4=/logo/png/d08ff351-aaaf-4b99-88ba-5748c892ff33
qTILbpPoRECKMAonfN-STVh0sK8Co6pIqFZmtuMUoL4=,Persol,https://images.unidays.world/i/customers/mobile/active/36598815-c159-450e-b74d-6fe6e99e4245
C3RYxokjAE2Tvpg6TfGRdlh0sK8Co6pIqFZmtuMUoL4=,CyberGhost,https://images.unidays.world/i/customers/mobile/active/6d2aa85b-fc2d-4774-91e2-f4c6bc9ad5b3
j5O95TLRM0uiZtz7Brw0ylh0sK8Co6pIqFZmtuMUoL4=,MISSPAP,https://images.unidays.world/i/self-serve/customer/j5O95TLRM0uiZtz7Brw0ylh0sK8Co6pIqFZmtuMUoL4=/logo/png/eff34ff7-8940-40c9-b763-b0649dc1821d
34Vl2TbUPEWKlJ3-zp_OJlh0sK8Co6pIqFZmtuMUoL4=,Chilly's,https://images.unidays.world/i/customers/mobile/active/6a54ccd6-6821-4241-a142-d8e340c4dd09
xH4ld979ukOD28ybdOmmBVh0sK8Co6pIqFZmtuMUoL4=,Three Broadband,https://images.unidays.world/i/customers/mobile/active/fae7e2e4-8665-4a92-9bd1-362bc3b21996
6hl6DAlz10uLfD1etSDdGVh0sK8Co6pIqFZmtuMUoL4=,Gym King,https://images.unidays.world/i/self-serve/customer/6hl6DAlz10uLfD1etSDdGVh0sK8Co6pIqFZmtuMUoL4=/logo/png/d3b75c82-80fe-4851-8ef6-7af0aceb6ee8
ML1mAqMkIUaP3kL8zBF07Vh0sK8Co6pIqFZmtuMUoL4=,Pro:Direct,https://images.unidays.world/i/self-serve/customer/ML1mAqMkIUaP3kL8zBF07Vh0sK8Co6pIqFZmtuMUoL4=/logo/png/3539840d-af1d-4a77-820d-4141f3cae8a5
vyVxy9sWdkiD7_6TeQGGxFh0sK8Co6pIqFZmtuMUoL4=,Beauty Bay,https://images.unidays.world/i/customers/mobile/active/bc7eff19-64d5-438b-89dc-aea178c31ee9
vE1gxBjIiEqTOxQOGeuvaFh0sK8Co6pIqFZmtuMUoL4=,NA-KD,https://images.unidays.world/i/customers/mobile/active/90ecc2e1-cc21-4b43-83e0-a2334af1a736
G9LizbRUSk2KccDhzzkomFh0sK8Co6pIqFZmtuMUoL4=,M&S Food,https://images.unidays.world/i/customers/mobile/active/0ef08c10-e513-4a3b-89fa-fc82ef3a5242
fqrNWrsATUOMg-28kC2rLFh0sK8Co6pIqFZmtuMUoL4=,Les Mills +,https://images.unidays.world/i/self-serve/customer/fqrNWrsATUOMg-28kC2rLFh0sK8Co6pIqFZmtuMUoL4=/logo/png/638b9c0e-c4f8-4d53-a67d-b62f5c9ddcea
60FQeAPwHEyRewMEUiijlFh0sK8Co6pIqFZmtuMUoL4=,Charlotte Tilbury,https://images.unidays.world/i/self-serve/customer/60FQeAPwHEyRewMEUiijlFh0sK8Co6pIqFZmtuMUoL4=/logo/png/854eb621-5ed8-4ea2-b228-15ee36cd5eb1
rBqa8zu88kiW5HEDPoQD5Vh0sK8Co6pIqFZmtuMUoL4=,FutureLearn,https://images.unidays.world/i/self-serve/customer/rBqa8zu88kiW5HEDPoQD5Vh0sK8Co6pIqFZmtuMUoL4=/logo/png/951af173-d392-45ec-b5e7-548687b8c070
QywutqFkjEyda8DAKiNallh0sK8Co6pIqFZmtuMUoL4=,Mio Skincare,https://images.unidays.world/i/self-serve/customer/QywutqFkjEyda8DAKiNaljR_8HZ4fEdLrLAnpbEKnwg=/logo/png/a8a12d68-f84c-401d-bb90-78e8cd7ff525
iML_ttDooEmoNj5bgubifFh0sK8Co6pIqFZmtuMUoL4=,Glossybox,https://images.unidays.world/i/customers/mobile/active/1463c9b2-7d00-4980-adea-dcc64258e7e1
77nbfuprv02rC8UjxVSYHlh0sK8Co6pIqFZmtuMUoL4=,Barburrito,https://images.unidays.world/i/self-serve/customer/77nbfuprv02rC8UjxVSYHlh0sK8Co6pIqFZmtuMUoL4=/logo/png/a4206e41-56cb-47fb-a856-be0e5eda9774
Io15kDhBlkO1BReiCpXG0Vh0sK8Co6pIqFZmtuMUoL4=,ClearScore,https://images.unidays.world/i/customers/mobile/active/cd9bf656-29a6-4c91-88fd-5d4a882cd532
WtheHEzPVUa9IkY-XEUpW1h0sK8Co6pIqFZmtuMUoL4=,Ameliorate,https://images.unidays.world/i/self-serve/customer/WtheHEzPVUa9IkY-XEUpW1h0sK8Co6pIqFZmtuMUoL4=/logo/png/c2d3375c-4347-4f2c-a64d-763493f3ea25
zLMj7fxej0qKBMgz2y_yeFh0sK8Co6pIqFZmtuMUoL4=,Cotton On,https://images.unidays.world/i/customers/mobile/active/2f7f5756-f51c-47dc-a091-0e272bf09ca0
VRP75LvDjEe5Bc1eEMI5UVh0sK8Co6pIqFZmtuMUoL4=,O2 Accessories,https://images.unidays.world/i/self-serve/customer/VRP75LvDjEe5Bc1eEMI5UVh0sK8Co6pIqFZmtuMUoL4=/logo/png/20a7cd3d-560b-4756-977c-784ac41f27d6
HQqJ1ydQIUukSR4DbKSuJVh0sK8Co6pIqFZmtuMUoL4=,Meshki,https://images.unidays.world/i/customers/mobile/active/a8900690-27e6-4072-a091-f667e9f53f95
_t0vL4JAhUihmxrLTs-ATVh0sK8Co6pIqFZmtuMUoL4=,Hairburst,https://images.unidays.world/i/customers/mobile/active/ab285f60-a16b-4ac1-8aa9-2c7f899c441e
ax-6S0yx5EilORnusliw6Fh0sK8Co6pIqFZmtuMUoL4=,Doughnut,https://images.unidays.world/i/self-serve/customer/ax-6S0yx5EilORnusliw6Fh0sK8Co6pIqFZmtuMUoL4=/logo/png/ba02ba2f-f8c5-4359-b50f-f07670575065
KVg6tbYGtEe8t_rUG4cIHVh0sK8Co6pIqFZmtuMUoL4=,Abridge TEFL Academy,https://images.unidays.world/i/self-serve/customer/KVg6tbYGtEe8t_rUG4cIHVh0sK8Co6pIqFZmtuMUoL4=/logo/png/db2c51bb-8b9e-4aa6-803b-ddd34c1e31c7
nJxlSlQchEGvY5Pxj0r22lh0sK8Co6pIqFZmtuMUoL4=,Pink Vanilla,https://images.unidays.world/i/customers/mobile/active/b5ae3387-73d0-4092-ad8d-82fdaefb3791
de907doYkEycgkGF93siIFh0sK8Co6pIqFZmtuMUoL4=,Elan Mocktails,https://images.unidays.world/i/self-serve/customer/de907doYkEycgkGF93siIFh0sK8Co6pIqFZmtuMUoL4=/logo/png/6a2310b5-3253-4215-b77c-7d35fba895fd
fNOl67NQAEabVdWqYxR831h0sK8Co6pIqFZmtuMUoL4=,Tony Bianco,https://images.unidays.world/i/customers/mobile/active/eb1ae78a-13eb-4511-894b-d829097aface
laIMxv2-YEaIxd2hvltscVh0sK8Co6pIqFZmtuMUoL4=,Domino's,https://images.unidays.world/i/self-serve/customer/laIMxv2-YEaIxd2hvltscVh0sK8Co6pIqFZmtuMUoL4=/logo/png/2483e5ac-89a3-474f-98b4-8a70518183b3
2ZmkZ2BIJ0ivR050QMWcU1h0sK8Co6pIqFZmtuMUoL4=,Deezer,https://images.unidays.world/i/customers/mobile/active/ac18bb72-9d22-4856-980b-407cd3db7759
iMa_9c-lVEexmg6xDe1O7lh0sK8Co6pIqFZmtuMUoL4=,Xbox,https://images.unidays.world/i/customers/mobile/active/03cb05de-e96a-465b-902c-edc7bef5a1ce
kG2DljdjLEW7_mTUF2b_wlh0sK8Co6pIqFZmtuMUoL4=,Billabong,https://images.unidays.world/i/customers/mobile/active/06a30a07-af14-49c1-a537-271ed9121e4d
QLK_b9lIIECFA_njDWXiwlh0sK8Co6pIqFZmtuMUoL4=,Forge of Empires,https://images.unidays.world/i/customers/mobile/active/34ab8d96-a731-4e7a-9be9-5481d3c3a8db
hA3rDZrT5UactxxNb8MhkVh0sK8Co6pIqFZmtuMUoL4=,THE OUTNET,https://images.unidays.world/i/customers/mobile/active/bf11ee4b-3347-4d54-aa01-3cee2c22acc2
YZn6wMF-rE6Nr-2PxHbFr1h0sK8Co6pIqFZmtuMUoL4=,togetherall,https://images.unidays.world/i/self-serve/customer/YZn6wMF-rE6Nr-2PxHbFr1h0sK8Co6pIqFZmtuMUoL4=/logo/png/926d4698-d242-4a83-b869-39fbe7aebccd
cVHUX9IMiku8lEscWQD8Xlh0sK8Co6pIqFZmtuMUoL4=,Skullcandy,https://images.unidays.world/i/self-serve/customer/cVHUX9IMiku8lEscWQD8Xlh0sK8Co6pIqFZmtuMUoL4=/logo/png/a9027808-29d5-44fd-8630-8fc68b92cd92
audgRws_u0WS94BhdgX28Fh0sK8Co6pIqFZmtuMUoL4=,Kindle Unlimited,https://images.unidays.world/i/customers/mobile/active/024f9a7e-af32-4fe4-b2ef-2e9fadc0a3e4
9pF2czoTPUC2SIOoP1OX3Vh0sK8Co6pIqFZmtuMUoL4=,MP.com,https://images.unidays.world/i/self-serve/customer/9pF2czoTPUC2SIOoP1OX3Vh0sK8Co6pIqFZmtuMUoL4=/logo/png/932a7cbe-0310-457c-840f-8bc24b43f8b5
W2hC61Q-7k2iR-A3tJda9Vh0sK8Co6pIqFZmtuMUoL4=,Elemis,https://images.unidays.world/i/customers/mobile/active/0c356085-2a77-4b1d-99bd-03df4604249a
4Yj3HFnbT02raU0arngF4Vh0sK8Co6pIqFZmtuMUoL4=,Peach & Passion,https://images.unidays.world/i/self-serve/customer/4Yj3HFnbT02raU0arngF4Vh0sK8Co6pIqFZmtuMUoL4=/logo/png/6f5fe9ba-672f-46e8-9bfd-cff7fdea1a39
IdMw6YWAYkakzbGrC4t0DFh0sK8Co6pIqFZmtuMUoL4=,Cath Kidston,https://images.unidays.world/i/self-serve/customer/IdMw6YWAYkakzbGrC4t0DFh0sK8Co6pIqFZmtuMUoL4=/logo/png/d6de048c-6202-44b7-b39a-e39cc1090efb
XYID0w4hHkmjzltm7dBwaFh0sK8Co6pIqFZmtuMUoL4=,Big Town Restaurants,https://images.unidays.world/i/self-serve/customer/XYID0w4hHkmjzltm7dBwaFh0sK8Co6pIqFZmtuMUoL4=/logo/png/fb584f6f-b923-4acc-8c8a-f8430ec30b2c
3AgR49ZYU0aVxwA4vkyBTlh0sK8Co6pIqFZmtuMUoL4=,The Edit LDN,https://images.unidays.world/i/self-serve/customer/3AgR49ZYU0aVxwA4vkyBTlh0sK8Co6pIqFZmtuMUoL4=/logo/png/9e265a05-4240-4847-9a9b-42cfc37ddfe8
CDkPfEJh6kmQAM2mzFI06Fh0sK8Co6pIqFZmtuMUoL4=,Nike,https://images.unidays.world/i/customers/mobile/active/145a87b6-c372-49e7-a403-bf357eb75708
GrdMjmginkyXyJJQkTTVflh0sK8Co6pIqFZmtuMUoL4=,Wilko,https://images.unidays.world/i/self-serve/customer/GrdMjmginkyXyJJQkTTVflh0sK8Co6pIqFZmtuMUoL4=/logo/png/dfc6bbba-a0a7-4eb7-a71f-b563c36422d5
d8Dl2_iPWUSEAgQ-MFf0yVh0sK8Co6pIqFZmtuMUoL4=,Better Leisure Centres and Gyms,https://images.unidays.world/i/self-serve/customer/d8Dl2_iPWUSEAgQ-MFf0yVh0sK8Co6pIqFZmtuMUoL4=/logo/png/ce0e8953-a91b-4051-9ff0-5fa51fee82d8
B37-YNYbc0uYWLGfXc7bKlh0sK8Co6pIqFZmtuMUoL4=,MAC Cosmetics,https://images.unidays.world/i/self-serve/customer/B37-YNYbc0uYWLGfXc7bKlh0sK8Co6pIqFZmtuMUoL4=/logo/png/f801f0b9-e868-4649-bc9c-a6ef32ebd2b3
7En9y6v1aU6vONJMbuNmB1h0sK8Co6pIqFZmtuMUoL4=,Calvin Klein,https://images.unidays.world/i/self-serve/customer/7En9y6v1aU6vONJMbuNmB1h0sK8Co6pIqFZmtuMUoL4=/logo/png/93ce81e3-337e-4e77-82bf-1d027dd94954
wWadbdBG5UuNpbgSt2xG81h0sK8Co6pIqFZmtuMUoL4=,Lenovo,https://images.unidays.world/i/customers/mobile/active/2b9b9462-5ed5-4642-9d98-8e1ccd1edb09
w5rjvYaw-0SnqhPseKTz01h0sK8Co6pIqFZmtuMUoL4=,Scribd,https://images.unidays.world/i/customers/mobile/active/b2ab670d-f151-47d5-b1d8-d6cade4e2ba2
5vyVN0MpZU6mEamnHW4QWlh0sK8Co6pIqFZmtuMUoL4=,exante,https://images.unidays.world/i/customers/mobile/active/73c9f3aa-2ec8-4488-9f2a-478c9f4f4787
aGTKVLZHSEqPZaJUOZAu6Fh0sK8Co6pIqFZmtuMUoL4=,Wallis,https://images.unidays.world/i/customers/mobile/active/b78084cf-5ecd-4bab-becd-2052fb79eac7
EwpkF2lvjEuAWnCbjiEA31h0sK8Co6pIqFZmtuMUoL4=,CLOUD NINE,https://images.unidays.world/i/customers/mobile/active/ebab6cf6-91b0-4de1-af0b-811643732a0a
k3DZcX71HEefZgQGyLIQFFh0sK8Co6pIqFZmtuMUoL4=,How Mental,https://images.unidays.world/i/self-serve/customer/k3DZcX71HEefZgQGyLIQFFh0sK8Co6pIqFZmtuMUoL4=/logo/png/9242778a-509a-4477-af63-d573fdbebbf2
HYcS0dnnAEOBU4hV8EpGDVh0sK8Co6pIqFZmtuMUoL4=,Collingwood Insurance,https://images.unidays.world/i/customers/mobile/active/67bfd756-28c9-49e2-99a1-ec31fe490570
aGZOF7SPhkivANEqo7_lsFh0sK8Co6pIqFZmtuMUoL4=,UoM Students' Union,https://images.unidays.world/i/customers/mobile/active/c81edc70-cbf2-4404-8413-a7a302e0dbd9
OOEELV7v0EmV2Rrd_EzaAVh0sK8Co6pIqFZmtuMUoL4=,Too Faced,https://images.unidays.world/i/customers/mobile/active/de7fe688-6bdd-4a99-b03a-125cf9372cc1
mysxD8db7EuEJcKCLOP7j1h0sK8Co6pIqFZmtuMUoL4=,Perricone MD,https://images.unidays.world/i/customers/mobile/active/c98c6e13-a030-4239-8d43-cd8ab3b91875
Nh1snvUeg0a_FyBB72NVglh0sK8Co6pIqFZmtuMUoL4=,Palladium,https://images.unidays.world/i/self-serve/customer/Nh1snvUeg0a_FyBB72NVglh0sK8Co6pIqFZmtuMUoL4=/logo/png/d04bb92d-68bb-45fe-803e-36c8b1829d43
rqLB-tdl4EGqLkua5lc5rFh0sK8Co6pIqFZmtuMUoL4=,Lyle & Scott,https://images.unidays.world/i/self-serve/customer/rqLB-tdl4EGqLkua5lc5rFh0sK8Co6pIqFZmtuMUoL4=/logo/png/65cee4da-c2bb-47bc-b1df-93cb286f979b
OmLzxaFdN0CPP74cNke4W1h0sK8Co6pIqFZmtuMUoL4=,ColorBlend Makeup London,https://images.unidays.world/i/self-serve/customer/OmLzxaFdN0CPP74cNke4W1h0sK8Co6pIqFZmtuMUoL4=/logo/png/6370917a-6b94-4524-88aa-974faa791ce1
27U4OaQuiUGL9iXFwjwaE1h0sK8Co6pIqFZmtuMUoL4=,Tarte,https://images.unidays.world/i/self-serve/customer/27U4OaQuiUGL9iXFwjwaEzR_8HZ4fEdLrLAnpbEKnwg=/logo/png/bcbfd804-5d17-420a-ab5f-457a07bd0ef7
iLNZz5LZ6EGpxsiwBMLEFlh0sK8Co6pIqFZmtuMUoL4=,Hollister,https://images.unidays.world/i/self-serve/customer/iLNZz5LZ6EGpxsiwBMLEFlh0sK8Co6pIqFZmtuMUoL4=/logo/png/9fc65761-4980-49f4-ab29-ca59597aaa72
0Ft5IbOR9Uu8X8s6PWe3k1h0sK8Co6pIqFZmtuMUoL4=,Olivia Burton,https://images.unidays.world/i/customers/mobile/active/2bf4127a-619d-4639-8285-432bfa76fdb7
h-mV20yVQ0S7bpqUnNP-LFh0sK8Co6pIqFZmtuMUoL4=,Nobody's Child,https://images.unidays.world/i/self-serve/customer/h-mV20yVQ0S7bpqUnNP-LFh0sK8Co6pIqFZmtuMUoL4=/logo/png/b7a5a669-08aa-4741-b91c-d32f7f0afffc
x6LwUx0O_EK1LnjKQosqs1h0sK8Co6pIqFZmtuMUoL4=,Cult Beauty,https://images.unidays.world/i/self-serve/customer/x6LwUx0O_EK1LnjKQosqs1h0sK8Co6pIqFZmtuMUoL4=/logo/png/ce0e9d2e-014d-4596-a708-ed1b78b0d9e5
FwUcogS6gE-rrv_P6sTKy1h0sK8Co6pIqFZmtuMUoL4=,Airtasker,https://images.unidays.world/i/self-serve/customer/FwUcogS6gE-rrv_P6sTKy1h0sK8Co6pIqFZmtuMUoL4=/logo/png/4f492686-12b7-4475-8c33-cadfcb409662
5cUtGsLdVk-wFXK9-vMkEVh0sK8Co6pIqFZmtuMUoL4=,Hokmah Wise Company Ltd,https://images.unidays.world/i/self-serve/customer/5cUtGsLdVk-wFXK9-vMkEVh0sK8Co6pIqFZmtuMUoL4=/logo/png/961a3bb0-bfc6-41c4-a4ff-245a57a55e9c
YCn-_J6jLEKBR6UZpbBobFh0sK8Co6pIqFZmtuMUoL4=,Dr. Martens,https://images.unidays.world/i/customers/mobile/active/b3e2e504-1511-4fc3-991b-245ea4ca4e12
CTKvwimIjk6keKRGMx4_Hlh0sK8Co6pIqFZmtuMUoL4=,DeFacto,https://images.unidays.world/i/customers/mobile/active/d57581cf-4317-4fc4-b00c-72b21e3963a3
xBbDmVN9ukGob4-z228El1h0sK8Co6pIqFZmtuMUoL4=,MANSCAPED,https://images.unidays.world/i/self-serve/customer/xBbDmVN9ukGob4-z228El1h0sK8Co6pIqFZmtuMUoL4=/logo/png/ab7d2623-65c2-4a68-ba13-111c865bbc2f
yPC9RfWYHUCyQOXABrhnvFh0sK8Co6pIqFZmtuMUoL4=,Gillette,https://images.unidays.world/i/customers/mobile/active/a6744ea8-95cd-4a41-994c-1bad921c22b4
4ictwmLpfE-CbxBzqBk9z1h0sK8Co6pIqFZmtuMUoL4=,Origins,https://images.unidays.world/i/customers/mobile/active/b0efa63b-16f9-458d-898c-254704d49a12
B05NFpnpAkiVwur6ipBCe1h0sK8Co6pIqFZmtuMUoL4=,PizzaExpress,https://images.unidays.world/i/self-serve/customer/B05NFpnpAkiVwur6ipBCe1h0sK8Co6pIqFZmtuMUoL4=/logo/png/29adca05-9f0e-4dd3-9706-cee237c31daf
lhPpygWQv0OjBW2sX0TzPVh0sK8Co6pIqFZmtuMUoL4=,Apple Store Online,https://images.unidays.world/i/self-serve/customer/lhPpygWQv0OjBW2sX0TzPVh0sK8Co6pIqFZmtuMUoL4=/logo/png/1721a404-2838-466e-8995-ebd4379da66d
BmuiaJsD50CngqFlGsT8I1h0sK8Co6pIqFZmtuMUoL4=,Beauty Works,https://images.unidays.world/i/self-serve/customer/BmuiaJsD50CngqFlGsT8I1h0sK8Co6pIqFZmtuMUoL4=/logo/png/7373217f-2995-4ca6-897d-09e0a79fcc0e
KVvNpAqxRku23YRpVzn_7Vh0sK8Co6pIqFZmtuMUoL4=,Levi's,https://images.unidays.world/i/customers/mobile/active/2c8f449b-d449-4557-87b5-4fd7fe83d3f0
DwkD_Bx9tE2_Yq_AKzudsFh0sK8Co6pIqFZmtuMUoL4=,Disney+,https://images.unidays.world/i/self-serve/customer/DwkD_Bx9tE2_Yq_AKzudsFh0sK8Co6pIqFZmtuMUoL4=/logo/png/90ed17c7-31e7-4c5f-a8f8-beda90ffd254
ZeX7CJ5h30CpE2ZiXSouCVh0sK8Co6pIqFZmtuMUoL4=,Allbright,https://images.unidays.world/i/customers/mobile/active/2186b29e-7a99-423e-8646-ab96648270cf
CGK5m0B3U06toc-EZ7Odnlh0sK8Co6pIqFZmtuMUoL4=,Monki,https://images.unidays.world/i/customers/mobile/active/c94bc1c2-8368-4075-9b79-bafa62861f08
lK5j0_ib20GAfiietT9Omlh0sK8Co6pIqFZmtuMUoL4=,GHD,https://images.unidays.world/i/self-serve/customer/lK5j0_ib20GAfiietT9Omlh0sK8Co6pIqFZmtuMUoL4=/logo/png/0df41d5a-2976-4779-92f1-8f29de0d5846
unzDjwtz6E2G_8obTv47xlh0sK8Co6pIqFZmtuMUoL4=,Toby Carvery,https://images.unidays.world/i/self-serve/customer/unzDjwtz6E2G_8obTv47xlh0sK8Co6pIqFZmtuMUoL4=/logo/png/841e9090-b39d-43eb-bb92-8c6b01b7b68d
l1e9H-LPEUC7O2fs8y-tElh0sK8Co6pIqFZmtuMUoL4=,Twizler Greeting Cards,https://images.unidays.world/i/self-serve/customer/l1e9H-LPEUC7O2fs8y-tElh0sK8Co6pIqFZmtuMUoL4=/logo/png/e6b5f2bb-8b24-474f-ba23-1cabd6f45604
tKIVOeRYn0ubd6s8J-hKrlh0sK8Co6pIqFZmtuMUoL4=,Bearable,https://images.unidays.world/i/self-serve/customer/tKIVOeRYn0ubd6s8J-hKrlh0sK8Co6pIqFZmtuMUoL4=/logo/png/5f9719b0-4e70-4655-aa5b-a16c36bc8d16
KBVKVp3jo0Chm6fOF2fA2lh0sK8Co6pIqFZmtuMUoL4=,Chegg,https://images.unidays.world/i/customers/mobile/active/611cd6d0-ea0a-4743-9f08-781e09ccf446
L0R9YAiGUEWSgeVdZDvVf1h0sK8Co6pIqFZmtuMUoL4=,Dell Technologies,https://images.unidays.world/i/self-serve/customer/L0R9YAiGUEWSgeVdZDvVf1h0sK8Co6pIqFZmtuMUoL4=/logo/png/0cd18154-e4e6-418e-ba2a-0b99d9e366e7
5mz4IAB8w0WRZ7l9Rd_BKFh0sK8Co6pIqFZmtuMUoL4=,Dare2b,https://images.unidays.world/i/customers/mobile/active/bb7d0c03-cd74-4b9d-88e6-45423a859067
7lutVmQXwUmKy1tq18gZHlh0sK8Co6pIqFZmtuMUoL4=,Clarins,https://images.unidays.world/i/customers/mobile/active/b7d35a69-4ca8-44e0-8365-46c170a52eb9
st0uKV1QokyCvfy0l1z6sFh0sK8Co6pIqFZmtuMUoL4=,Bobbi Brown,https://images.unidays.world/i/self-serve/customer/st0uKV1QokyCvfy0l1z6sFh0sK8Co6pIqFZmtuMUoL4=/logo/png/026c2187-99cf-4de3-9b47-7e8f13a32a6f
sozenw-Gn0ej6Xhg0uYfi1h0sK8Co6pIqFZmtuMUoL4=,Weekday,https://images.unidays.world/i/customers/mobile/active/4afb6adc-e4ef-4ed0-b627-cc659c3a7535
7Cp28H0UMkWr1FLdQhPFNFh0sK8Co6pIqFZmtuMUoL4=,Mylee,https://images.unidays.world/i/customers/mobile/active/601acb7b-f883-4290-88b3-e06e7d9c55ad
AQ9TA0JvNECTQha9BBThV1h0sK8Co6pIqFZmtuMUoL4=,Franco Manca,https://images.unidays.world/i/self-serve/customer/AQ9TA0JvNECTQha9BBThV1h0sK8Co6pIqFZmtuMUoL4=/logo/png/7a4077bd-10eb-47c0-9bbd-aafa7603e0fb
Ze0qE-uO70KR1IGy2B0nyFh0sK8Co6pIqFZmtuMUoL4=,FlexiSpot,https://images.unidays.world/i/self-serve/customer/Ze0qE-uO70KR1IGy2B0nyFh0sK8Co6pIqFZmtuMUoL4=/logo/png/7e5a60a1-cfd1-4e98-939a-b81e44391d08
6YmGpfZAh0WJBOo9tZlbLVh0sK8Co6pIqFZmtuMUoL4=,Purse,https://images.unidays.world/i/self-serve/customer/6YmGpfZAh0WJBOo9tZlbLVh0sK8Co6pIqFZmtuMUoL4=/logo/png/d02714b4-e51e-4933-9f76-50764b4267e6
tiD_PrSnBUqg9AGYpx_miVh0sK8Co6pIqFZmtuMUoL4=,TK Maxx,https://images.unidays.world/i/self-serve/customer/tiD_PrSnBUqg9AGYpx_miVh0sK8Co6pIqFZmtuMUoL4=/logo/png/05d5fb24-9791-4d95-8bf2-658345955bae
4z64ef0OE026bszFDkNORVh0sK8Co6pIqFZmtuMUoL4=,Soletrader,https://images.unidays.world/i/customers/mobile/active/e90e9400-0ef5-485d-acf2-11dcda824d83
0FXRbiTcqkKAUto4nV0ZaVh0sK8Co6pIqFZmtuMUoL4=,Never Fully Dressed,https://images.unidays.world/i/self-serve/customer/0FXRbiTcqkKAUto4nV0ZaVh0sK8Co6pIqFZmtuMUoL4=/logo/png/8445454d-c05a-4cdb-8485-cb7dd17d452e
YTcKOCe9-0KaK2Bdaxf89Fh0sK8Co6pIqFZmtuMUoL4=,Tower London,https://images.unidays.world/i/self-serve/customer/YTcKOCe9-0KaK2Bdaxf89Fh0sK8Co6pIqFZmtuMUoL4=/logo/png/f6203d63-3b8b-42d8-a267-6b2baf267ebe
Zog2W-c0NEqxB2bdAfrfDVh0sK8Co6pIqFZmtuMUoL4=,Oasis,https://images.unidays.world/i/customers/mobile/active/40c4b7e9-3f00-42c4-a34b-91bdbb223491
UGdZebkjjEqJOt9WWpBSr1h0sK8Co6pIqFZmtuMUoL4=,Expedia,https://images.unidays.world/i/self-serve/customer/UGdZebkjjEqJOt9WWpBSr1h0sK8Co6pIqFZmtuMUoL4=/logo/png/43773ba7-a016-4642-85b0-2734e7c6b78d
VdFEMoDrAE2XMEueSjQeyFh0sK8Co6pIqFZmtuMUoL4=,Acer,https://images.unidays.world/i/self-serve/customer/VdFEMoDrAE2XMEueSjQeyFh0sK8Co6pIqFZmtuMUoL4=/logo/png/49d5247d-d675-44ac-8f39-90bde3f71bad
3BE41eHrOEKtlUjnWzF3RFh0sK8Co6pIqFZmtuMUoL4=,The Kooples,https://images.unidays.world/i/customers/mobile/active/81b85605-7f45-4f6e-8cd8-cb058389ebc1
7Mc7cym3qU2pOyUzug1YhVh0sK8Co6pIqFZmtuMUoL4=,The Perfume Shop,https://images.unidays.world/i/self-serve/customer/7Mc7cym3qU2pOyUzug1YhVh0sK8Co6pIqFZmtuMUoL4=/logo/png/18009e58-2e07-42b8-bb49-10de6b1d20a6
S-fQR5-Q3Uat1oQTGZ6mxVh0sK8Co6pIqFZmtuMUoL4=,Ideals of London,https://images.unidays.world/i/self-serve/customer/S-fQR5-Q3Uat1oQTGZ6mxVh0sK8Co6pIqFZmtuMUoL4=/logo/png/d2c41c0e-6dfc-4486-85ba-a33bf6cacb60
J4WUpJOXdkOoRfvMKNCsC1h0sK8Co6pIqFZmtuMUoL4=,Moda in Pelle,https://images.unidays.world/i/self-serve/customer/J4WUpJOXdkOoRfvMKNCsC1h0sK8Co6pIqFZmtuMUoL4=/logo/png/5d2857c8-6098-4dc0-aa40-27384672856e
Wp-StPz9VUCflYUp0JGTGVh0sK8Co6pIqFZmtuMUoL4=,Pull&Bear,https://images.unidays.world/i/self-serve/customer/Wp-StPz9VUCflYUp0JGTGVh0sK8Co6pIqFZmtuMUoL4=/logo/png/8c5197c7-b395-4531-9568-3de9f03b72aa
1GwWcOWkakm7diUe37piLlh0sK8Co6pIqFZmtuMUoL4=,CAT Footwear,https://images.unidays.world/i/customers/mobile/active/aad7df38-3f14-43dc-b605-f927a0556d89
6GhhHuZg4Um-7ZY8ADlfElh0sK8Co6pIqFZmtuMUoL4=,Blinkist,https://images.unidays.world/i/self-serve/customer/6GhhHuZg4Um-7ZY8ADlfElh0sK8Co6pIqFZmtuMUoL4=/logo/png/599dea9a-a8c5-49aa-abb3-f3b67f39df3f
Dw1ZB1i2tUSsJsCoi2GsOFh0sK8Co6pIqFZmtuMUoL4=,Human Beauty,https://images.unidays.world/i/self-serve/customer/Dw1ZB1i2tUSsJsCoi2GsOFh0sK8Co6pIqFZmtuMUoL4=/logo/png/0751c6f1-8f52-4126-bf15-5b9ee0cf4d52
pcMn1qXxTUqZEoiqIWBgZlh0sK8Co6pIqFZmtuMUoL4=,lululemon,https://images.unidays.world/i/customers/mobile/active/d646fc7e-32e7-4ab7-93a5-3b1853791749
HhOvtDcobkyx5r1SPxVwlFh0sK8Co6pIqFZmtuMUoL4=,Fitbit,https://images.unidays.world/i/customers/mobile/active/3798d2a6-805b-4236-b756-78110dea8ab5
6CojD71SUEW_psAmWFEQ3Fh0sK8Co6pIqFZmtuMUoL4=,Aerie,https://images.unidays.world/i/customers/mobile/active/1a00377b-f6b4-4d6d-b883-c0a0a7851c2f
LHaEVBCFTk6TmxBsWiCbNlh0sK8Co6pIqFZmtuMUoL4=,YO!,https://images.unidays.world/i/self-serve/customer/LHaEVBCFTk6TmxBsWiCbNlh0sK8Co6pIqFZmtuMUoL4=/logo/png/12c28fd1-7c0c-482c-b09a-0d24575e98fb
Cqzv4woY9EaHmUqllHnR5Vh0sK8Co6pIqFZmtuMUoL4=,Myvegan,https://images.unidays.world/i/customers/mobile/active/f39844e9-a97c-4559-a6fd-6a7396a8aedd
W3p_pmick0yZCx8HwAPq9Vh0sK8Co6pIqFZmtuMUoL4=,Resume.io,https://images.unidays.world/i/customers/mobile/active/700350ad-3cf1-4aed-94b2-f07eb2a5e124
KvESVVfat06gA_xFBuMcuFh0sK8Co6pIqFZmtuMUoL4=,Aveda,https://images.unidays.world/i/customers/mobile/active/4889dff5-217c-441c-9436-ec200e72779a
eYW5dFuiVkupXTyJwBXFN1h0sK8Co6pIqFZmtuMUoL4=,National Express,https://images.unidays.world/i/customers/mobile/active/e6bf67bb-939b-4c49-9097-7773b9c51e36
qRdE6ldyPkitowHG1NTgnlh0sK8Co6pIqFZmtuMUoL4=,Ralph Lauren,https://images.unidays.world/i/self-serve/customer/qRdE6ldyPkitowHG1NTgnlh0sK8Co6pIqFZmtuMUoL4=/logo/png/43b10cbf-89fc-4be8-b76a-af99662fe98c
TGzZRr2xFk-n-5fnwSQNtFh0sK8Co6pIqFZmtuMUoL4=,Greyhound Australia,https://images.unidays.world/i/self-serve/customer/TGzZRr2xFk-n-5fnwSQNtFh0sK8Co6pIqFZmtuMUoL4=/logo/png/3a504e81-0268-4d90-b863-dac4a3534e86
ZWPJ7HB5ykWKUo-GQPR5o1h0sK8Co6pIqFZmtuMUoL4=,Not On The High Street,https://images.unidays.world/i/self-serve/customer/ZWPJ7HB5ykWKUo-GQPR5o1h0sK8Co6pIqFZmtuMUoL4=/logo/png/6bcf1c84-aef9-4f8e-8567-791ef4fc2c98
bqIXuisgBkaK8Pp6POOxWFh0sK8Co6pIqFZmtuMUoL4=,Scotts,https://images.unidays.world/i/customers/mobile/active/d6d97c4a-27ce-4925-9c38-760cb34c1750
FmVIeaieO0CJ2GiUmlIYh1h0sK8Co6pIqFZmtuMUoL4=,size?,https://images.unidays.world/i/self-serve/customer/FmVIeaieO0CJ2GiUmlIYh1h0sK8Co6pIqFZmtuMUoL4=/logo/png/b8d63946-a359-43b1-8868-731d5405123f
-PtGtgKm1Ueufoc895E2P1h0sK8Co6pIqFZmtuMUoL4=,Build & Breathe Scoliosis,https://images.unidays.world/i/self-serve/customer/-PtGtgKm1Ueufoc895E2P1h0sK8Co6pIqFZmtuMUoL4=/logo/png/77757de1-3b89-4082-87cf-941662ebb0e3
ZpMCw3ULUEqy1OPFWtZruFh0sK8Co6pIqFZmtuMUoL4=,INTRO Travel,https://images.unidays.world/i/customers/mobile/active/443ef963-fbed-43ef-8c79-33fc9f6ff016
z3MReB4Mh0KPMUeYd1Nad1h0sK8Co6pIqFZmtuMUoL4=,Mous,https://images.unidays.world/i/customers/mobile/active/ca9bead2-12da-4d37-902a-58b41ef24010
Vc3ZJMWjoka3X7MKoRla2Vh0sK8Co6pIqFZmtuMUoL4=,StudySmarter,https://images.unidays.world/i/customers/mobile/active/f86a1ab2-6a5f-4389-a81d-4b8f3a15803d
Q5JEv_fIk0y2Kb4CEM_3ulh0sK8Co6pIqFZmtuMUoL4=,Virgin Experience Days,https://images.unidays.world/i/customers/mobile/active/628edb10-fdca-4908-aff9-d7c9a1de13f0
ff9Xqj9x1EeuwJdUMp3-bVh0sK8Co6pIqFZmtuMUoL4=,Oakley,https://images.unidays.world/i/customers/mobile/active/201425e7-37e1-46c8-af3b-0a83d7492b8f
Hp2w8-jQjUaMRjsPDavQwVh0sK8Co6pIqFZmtuMUoL4=,Sunglass Hut,https://images.unidays.world/i/customers/mobile/active/c9849e2f-62ef-4079-906c-9b18473194b6
cJtTlHRMKEi6UjzFpt1GaFh0sK8Co6pIqFZmtuMUoL4=,Burton,https://images.unidays.world/i/self-serve/customer/cJtTlHRMKEi6UjzFpt1GaFh0sK8Co6pIqFZmtuMUoL4=/logo/png/ccd4e587-31df-4a84-8d9c-8f193c36c412
sp3xf6I6W0KWKl7UW40uOlh0sK8Co6pIqFZmtuMUoL4=,Studyfund by UNiDAYS,https://images.unidays.world/i/self-serve/customer/sp3xf6I6W0KWKl7UW40uOlh0sK8Co6pIqFZmtuMUoL4=/logo/png/0ee4448d-b4d7-4769-aba4-e1541e1e9fa6
k8OQNMTYn0-EEGg1NbE2_lh0sK8Co6pIqFZmtuMUoL4=,Lingopie,https://images.unidays.world/i/customers/mobile/active/b2d6c2fb-60fa-466f-b0ca-e4fffc59c59e
n5cDgGl-_k6dxNjoqU-dKFh0sK8Co6pIqFZmtuMUoL4=,HP,https://images.unidays.world/i/self-serve/customer/n5cDgGl-_k6dxNjoqU-dKFh0sK8Co6pIqFZmtuMUoL4=/logo/png/181a565e-01c7-43ef-bcb3-9c20aa9d2038
sKS7rQAELEeOtaIQO_XyoFh0sK8Co6pIqFZmtuMUoL4=,Zizzi,https://images.unidays.world/i/self-serve/customer/sKS7rQAELEeOtaIQO_XyoFh0sK8Co6pIqFZmtuMUoL4=/logo/png/7ea82e79-a6fc-4991-aada-08f7b1e0e017
oum1fWyMIEehr2dhs1Z8PVh0sK8Co6pIqFZmtuMUoL4=,MUJI,https://images.unidays.world/i/customers/mobile/active/dccf3f7d-45c0-4be4-8610-bb0123c5c9c2
oIqarTmX80ewhGpugSjFNlh0sK8Co6pIqFZmtuMUoL4=,Adobe,https://images.unidays.world/i/customers/mobile/active/9060d3cc-7890-456b-9802-b58bf8fdb94c
ULIPCF6kWEKfJGGrK108D1h0sK8Co6pIqFZmtuMUoL4=,Bella Italia,https://images.unidays.world/i/self-serve/customer/ULIPCF6kWEKfJGGrK108D1h0sK8Co6pIqFZmtuMUoL4=/logo/png/f7216547-dd68-4963-b834-2bf299a47ef9
7aIhXxxlI0mrwJZR07hdQlh0sK8Co6pIqFZmtuMUoL4=,Las Iguanas,https://images.unidays.world/i/customers/mobile/active/f5e659e0-8ad8-4e0b-bb4f-2380fc27de7f
-q2AGbmaR0u3_YCO40h2IVh0sK8Co6pIqFZmtuMUoL4=,Long Tall Sally,https://images.unidays.world/i/self-serve/customer/-q2AGbmaR0u3_YCO40h2IVh0sK8Co6pIqFZmtuMUoL4=/logo/png/ed06443c-a8c4-4046-8991-acdddc93c072
1wkmZOjWLUutataj7wAMyFh0sK8Co6pIqFZmtuMUoL4=,Krew,https://images.unidays.world/i/self-serve/customer/1wkmZOjWLUutataj7wAMyFh0sK8Co6pIqFZmtuMUoL4=/logo/png/d7aae81e-6035-47f1-9397-59a7220e0d9b
Gu_T3hpui06kFjnN_mvI-Fh0sK8Co6pIqFZmtuMUoL4=,Life Style Sports,https://images.unidays.world/i/self-serve/customer/Gu_T3hpui06kFjnN_mvI-Fh0sK8Co6pIqFZmtuMUoL4=/logo/png/e8a25143-32f7-4dc3-a945-828c2f5464f9
N4U1N0YI8U-xrmtmdVtoglh0sK8Co6pIqFZmtuMUoL4=,Harvey Nichols,https://images.unidays.world/i/customers/mobile/active/ae5c9084-3a95-43d1-9997-c898464635ef
v_eTgF4yOkOXOFs47HWhUVh0sK8Co6pIqFZmtuMUoL4=,PANGAIA,https://images.unidays.world/i/customers/mobile/active/03ebbb64-76ef-44c5-84ba-dafd1666bf0b
pxIDMMxOTkKG4gG9f0JVPFh0sK8Co6pIqFZmtuMUoL4=,UNiDAYS,https://images.unidays.world/i/self-serve/customer/pxIDMMxOTkKG4gG9f0JVPFh0sK8Co6pIqFZmtuMUoL4=/logo/png/a6a7f41e-9cda-4647-a6a7-ec39d4572f21
Rv_wUlZv_kC_HANXQxmY2Vh0sK8Co6pIqFZmtuMUoL4=,Brainscape,https://images.unidays.world/i/self-serve/customer/Rv_wUlZv_kC_HANXQxmY2Vh0sK8Co6pIqFZmtuMUoL4=/logo/png/b5b9b8c5-4769-4ae8-8b70-900e8d1ba786
b2Vcp0O5f0aGseWCWugyBlh0sK8Co6pIqFZmtuMUoL4=,The Lashes Co,https://images.unidays.world/i/self-serve/customer/b2Vcp0O5f0aGseWCWugyBlh0sK8Co6pIqFZmtuMUoL4=/logo/png/1be1edc5-705c-4203-88e8-893ad2009f85
Kiuueixv-0K1nJyEF8ykylh0sK8Co6pIqFZmtuMUoL4=,Amazon,https://images.unidays.world/i/self-serve/customer/Kiuueixv-0K1nJyEF8ykylh0sK8Co6pIqFZmtuMUoL4=/logo/png/b6b93a3a-3d3d-48ef-913d-28d5ff35645b
ZHjxsKQnMEyyHUqOskFrzlh0sK8Co6pIqFZmtuMUoL4=,Absurd Bird,https://images.unidays.world/i/self-serve/customer/ZHjxsKQnMEyyHUqOskFrzlh0sK8Co6pIqFZmtuMUoL4=/logo/png/8894338a-fe7a-44c1-bad2-7e1e206abb16
DSbDQeDfH0u2rDrQJdYFQFh0sK8Co6pIqFZmtuMUoL4=,EGO,https://images.unidays.world/i/self-serve/customer/DSbDQeDfH0u2rDrQJdYFQFh0sK8Co6pIqFZmtuMUoL4=/logo/png/68bd54b5-975c-4fc0-89bc-1e24dc5b462f
awHAjMRdMUytu0GHdIAKCFh0sK8Co6pIqFZmtuMUoL4=,Cotton On Body,https://images.unidays.world/i/customers/mobile/active/cd006da4-91f3-4707-8a32-403b3effc578
N1ORcmT0Ek6GmGlhDD1L8lh0sK8Co6pIqFZmtuMUoL4=,UNIF,https://images.unidays.world/i/self-serve/customer/N1ORcmT0Ek6GmGlhDD1L8lh0sK8Co6pIqFZmtuMUoL4=/logo/png/f723925e-923e-401b-9f48-50eda5b9170b
lg3vbGfvH0-9acHfnCT5QVh0sK8Co6pIqFZmtuMUoL4=,bareMinerals,https://images.unidays.world/i/self-serve/customer/lg3vbGfvH0-9acHfnCT5QVh0sK8Co6pIqFZmtuMUoL4=/logo/png/ec1f1763-00b6-421d-bbfd-d1c2a88e6ecd
xNqWoigKpkaj0KoOjkcvsFh0sK8Co6pIqFZmtuMUoL4=,Wasabi,https://images.unidays.world/i/self-serve/customer/xNqWoigKpkaj0KoOjkcvsFh0sK8Co6pIqFZmtuMUoL4=/logo/png/fbb653ef-4184-4d9f-81c2-8eeab5134699
raKtJuEx50G8ErE5VsvLrlh0sK8Co6pIqFZmtuMUoL4=,Daniel Wellington,https://images.unidays.world/i/customers/mobile/active/2ff1bdbd-2638-43e5-933c-667228361132
QHPCDlAf80CQrS89zdwrTVh0sK8Co6pIqFZmtuMUoL4=,NTU Employability,https://images.unidays.world/i/self-serve/customer/QHPCDlAf80CQrS89zdwrTVh0sK8Co6pIqFZmtuMUoL4=/logo/png/8933e4f1-b447-4229-b885-3ac803e4cd3d
D1Oj-5xOTEulIDP31abAJFh0sK8Co6pIqFZmtuMUoL4=,VOXI,https://images.unidays.world/i/self-serve/customer/D1Oj-5xOTEulIDP31abAJFh0sK8Co6pIqFZmtuMUoL4=/logo/png/596ac92f-bb31-4b44-bc3f-9227959ebb97
FMq685IDTE6osDijDWTNA1h0sK8Co6pIqFZmtuMUoL4=,Converse,https://images.unidays.world/i/self-serve/customer/FMq685IDTE6osDijDWTNA1h0sK8Co6pIqFZmtuMUoL4=/logo/png/bc293677-8d8a-4ede-b8f6-03a2bd827d26
Clg1Ei84jkmRSgME-D5CI1h0sK8Co6pIqFZmtuMUoL4=,Molton Brown,https://images.unidays.world/i/self-serve/customer/Clg1Ei84jkmRSgME-D5CI1h0sK8Co6pIqFZmtuMUoL4=/logo/png/bbeeecba-b1b3-4100-b4b5-a3ea700a4e5e
js_1XiTobEy9DvxyK-pRHVh0sK8Co6pIqFZmtuMUoL4=,Radley,https://images.unidays.world/i/customers/mobile/active/cca16b90-40e9-4b68-aeff-8c19e0601262
YZ0qI-B0rki_-8zAzJUAZ1h0sK8Co6pIqFZmtuMUoL4=,Office,https://images.unidays.world/i/customers/mobile/active/87a8c4ee-548e-42bd-b01f-159cbc79be97
sQ6z9F35c0WNLCgAYpFLbVh0sK8Co6pIqFZmtuMUoL4=,Canon,https://images.unidays.world/i/customers/mobile/active/153df34c-696d-4fcc-9728-fd646eea887e
uFpUAI-JCkyf4-S1b8R_hVh0sK8Co6pIqFZmtuMUoL4=,Skillshare,https://images.unidays.world/i/self-serve/customer/uFpUAI-JCkyf4-S1b8R_hVh0sK8Co6pIqFZmtuMUoL4=/logo/png/2e7faff9-2071-43a2-9ca4-02fc5b90c003
X00QqN71AESQXmbycnx721h0sK8Co6pIqFZmtuMUoL4=,Sky Mobile,https://images.unidays.world/i/customers/mobile/active/7b1d94cb-ec6e-49e7-8280-9e05bd5a546b
kPg5W_OTM0G9PtYMWJORCVh0sK8Co6pIqFZmtuMUoL4=,UNiDAYS Education,https://images.unidays.world/i/self-serve/customer/kPg5W_OTM0G9PtYMWJORCVh0sK8Co6pIqFZmtuMUoL4=/logo/png/8ea1ac51-fce3-40a5-b41f-283e26d2cde0
gdN62dMbuEy3E7XxXWvPoFh0sK8Co6pIqFZmtuMUoL4=,Ann Summers,https://images.unidays.world/i/customers/mobile/active/2d8cd620-39f2-4f99-8994-a0d9667cadcd
LTy8-We7hEuO9DqCdsiT3Vh0sK8Co6pIqFZmtuMUoL4=,adidas,https://images.unidays.world/i/self-serve/customer/LTy8-We7hEuO9DqCdsiT3Vh0sK8Co6pIqFZmtuMUoL4=/logo/png/cdb06ecc-4972-4c36-98ac-d2c0b1dcedd3
mivpHoXVpkK6D4W_BXZyYVh0sK8Co6pIqFZmtuMUoL4=,Bumble & Bumble,https://images.unidays.world/i/customers/mobile/active/01ae148b-3be2-4482-86a1-0a537dc0d184
Ghdm4agfn0epzT6MB-CwlVh0sK8Co6pIqFZmtuMUoL4=,Made In B,https://images.unidays.world/i/self-serve/customer/Ghdm4agfn0epzT6MB-CwlVh0sK8Co6pIqFZmtuMUoL4=/logo/png/adacbaab-c474-48fe-9d1c-a73a4fc867fb
0D2gS6PXC0mzTKpuUzQaWFh0sK8Co6pIqFZmtuMUoL4=,The TEFL Academy,https://images.unidays.world/i/self-serve/customer/0D2gS6PXC0mzTKpuUzQaWFh0sK8Co6pIqFZmtuMUoL4=/logo/png/377ea51f-0c10-4153-925e-dc06a9a5de60
Wm5ZaLJJgUuL2LDpHEzpzFh0sK8Co6pIqFZmtuMUoL4=,Offspring,https://images.unidays.world/i/customers/mobile/active/68596e5a-49b2-4b81-8bd8-b0e91c4ce9cc
nMDXUbiOUESZOsfJG0jnhlh0sK8Co6pIqFZmtuMUoL4=,O2,https://images.unidays.world/i/self-serve/customer/nMDXUbiOUESZOsfJG0jnhlh0sK8Co6pIqFZmtuMUoL4=/logo/png/88359f50-f033-4a17-8053-ef689af9a061
1mdewaSkR0aS0v_mFmUWylh0sK8Co6pIqFZmtuMUoL4=,Ideal of Sweden,https://images.unidays.world/i/customers/mobile/active/c7eff0f7-f531-4269-bba9-5f6d71eb3a42
K-8_ibRxMUuUwqw_AxhIw1h0sK8Co6pIqFZmtuMUoL4=,Lumin Skincare,https://images.unidays.world/i/customers/mobile/active/e80f2c02-26b8-480f-9ccc-023b6130e39c
JpDb-n8dzkSODLXkCF7ekFh0sK8Co6pIqFZmtuMUoL4=,ASOS,https://images.unidays.world/i/customers/mobile/active/ce8a709f-8636-408c-919c-4135896f29ba
JK9Ez6nSWkqPznrDt_JTW1h0sK8Co6pIqFZmtuMUoL4=,Stonehouse,https://images.unidays.world/i/customers/mobile/active/89a504bd-b0bc-4d01-8f84-7f395b55df5d
KTPoqnaU80ysx3LmNNd9PVh0sK8Co6pIqFZmtuMUoL4=,Aura,https://images.unidays.world/i/self-serve/customer/KTPoqnaU80ysx3LmNNd9PVh0sK8Co6pIqFZmtuMUoL4=/logo/png/7576ddd3-4c5b-4a75-ac18-09e61846e96b
1QTW-E0Nx0elDqSaTeKDzVh0sK8Co6pIqFZmtuMUoL4=,Intrepid Travel,https://images.unidays.world/i/self-serve/customer/1QTW-E0Nx0elDqSaTeKDzVh0sK8Co6pIqFZmtuMUoL4=/logo/png/9532a23c-8d71-45af-8b9b-5a82a56d1f89
nTlnZZ1pTUqGrF0nLtu5lFh0sK8Co6pIqFZmtuMUoL4=,BadRhino,https://images.unidays.world/i/customers/mobile/active/ac003e56-23b4-4934-aa82-e1a92add6f67
7DiDkPU_4E2p5_Mz8MaZelh0sK8Co6pIqFZmtuMUoL4=,Great Plains,https://images.unidays.world/i/customers/mobile/active/1b4e1b16-74e4-489c-9db5-a5f9420b0dee
xmDYvAU9z0uVfA3dwRHh11h0sK8Co6pIqFZmtuMUoL4=,New Balance,https://images.unidays.world/i/self-serve/customer/xmDYvAU9z0uVfA3dwRHh11h0sK8Co6pIqFZmtuMUoL4=/logo/png/579eebe7-d31b-4f52-bfd6-c400d7bad494
dN1C99YEVUG31d0Qb_2kc1h0sK8Co6pIqFZmtuMUoL4=,BT Broadband,https://images.unidays.world/i/customers/mobile/active/729af5e8-a108-4fa3-a088-8d6efb542f30
D8SUeTo1qUOo2fm--hOkEFh0sK8Co6pIqFZmtuMUoL4=,G-SHOCK,https://images.unidays.world/i/self-serve/customer/D8SUeTo1qUOo2fm--hOkEFh0sK8Co6pIqFZmtuMUoL4=/logo/png/4d49cb53-19c7-4590-bfad-735d3cec9e43
-TGNe3BFJ020ONIjfjCealh0sK8Co6pIqFZmtuMUoL4=,Sonos,https://images.unidays.world/i/customers/mobile/active/79347173-a448-4d8b-8738-e222a597b3b9
wjqYLL3ktUid3ggGJA-M6lh0sK8Co6pIqFZmtuMUoL4=,Simmi Shoes,https://images.unidays.world/i/customers/mobile/active/b6c1fa86-c896-4e74-ab6c-29e98ec48c04
SmbZAfVPWEayhb2O8-mpUlh0sK8Co6pIqFZmtuMUoL4=,schuh,https://images.unidays.world/i/customers/mobile/active/0127ae8c-da21-4748-b48f-c27fdd0dddf9
HHuFndId3UGj1Qa2hcuIhFh0sK8Co6pIqFZmtuMUoL4=,Foreo,https://images.unidays.world/i/customers/mobile/active/4687155d-8754-4d73-875c-7d19d3647491
NoFVmUXoUECiqz_5eg_n0Fh0sK8Co6pIqFZmtuMUoL4=,Busuu,https://images.unidays.world/i/self-serve/customer/NoFVmUXoUECiqz_5eg_n0Fh0sK8Co6pIqFZmtuMUoL4=/logo/png/a90d2732-3d6c-4c62-a7ef-70caa64af688
b6CpM4-G7ESOeK2-qoKXLFh0sK8Co6pIqFZmtuMUoL4=,Learn French with Alexa,https://images.unidays.world/i/self-serve/customer/b6CpM4-G7ESOeK2-qoKXLFh0sK8Co6pIqFZmtuMUoL4=/logo/png/ee31a80d-4ef1-40c8-b030-5f42afbcb9ed
iIauf1EOkESKnLgwShQFClh0sK8Co6pIqFZmtuMUoL4=,Ditto Music,https://images.unidays.world/i/self-serve/customer/iIauf1EOkESKnLgwShQFClh0sK8Co6pIqFZmtuMUoL4=/logo/png/f2ac2a1b-cd9e-4fdf-ab78-ec4af2ddc14d
C_wRmdzO7ky_hb9Hu2BgGFh0sK8Co6pIqFZmtuMUoL4=,Footasylum,https://images.unidays.world/i/self-serve/customer/C_wRmdzO7ky_hb9Hu2BgGFh0sK8Co6pIqFZmtuMUoL4=/logo/png/637740de-09c7-4cd0-8039-3d641326b6ed
d3CUO8-c7EuMCwScuHjLBlh0sK8Co6pIqFZmtuMUoL4=,Blue Vanilla,https://images.unidays.world/i/customers/mobile/active/b18b955b-0a7e-44a0-8d8d-74beb8245761
t4HyS6bl502BHhncp9eaFVh0sK8Co6pIqFZmtuMUoL4=,Blacks,https://images.unidays.world/i/customers/mobile/active/336f15ee-d8c9-4286-890d-db1ca669881c
QKDVxfClj0CG6s3E2YX941h0sK8Co6pIqFZmtuMUoL4=,River Island,https://images.unidays.world/i/self-serve/customer/QKDVxfClj0CG6s3E2YX941h0sK8Co6pIqFZmtuMUoL4=/logo/png/c34ed3f3-cb83-4945-8189-88189cb39bb9
w2wkFPFan0iiZFHVxsJr8Vh0sK8Co6pIqFZmtuMUoL4=,NOW,https://images.unidays.world/i/self-serve/customer/w2wkFPFan0iiZFHVxsJr8Vh0sK8Co6pIqFZmtuMUoL4=/logo/png/9fcceb9e-b408-4150-9d67-5ce95be4fc1c
7joVwXvrC0upf0Esis9MVlh0sK8Co6pIqFZmtuMUoL4=,WHSmith,https://images.unidays.world/i/customers/mobile/active/4870db29-5a28-43d6-b8da-614ba496d84c
TQcvKw-WJ0evOPvKySc2_1h0sK8Co6pIqFZmtuMUoL4=,Human Food,https://images.unidays.world/i/self-serve/customer/TQcvKw-WJ0evOPvKySc2_1h0sK8Co6pIqFZmtuMUoL4=/logo/png/21631eb5-be6d-412c-bfed-64401805be73
zdfviH_tTEqbyVpBtZBM_1h0sK8Co6pIqFZmtuMUoL4=,JBL,https://images.unidays.world/i/customers/mobile/active/c20f03b9-ce6a-4b9c-9019-3b8ec6090c46
CZ_o0QBVKE-XtZSqyzkmEVh0sK8Co6pIqFZmtuMUoL4=,Warehouse,https://images.unidays.world/i/self-serve/customer/CZ_o0QBVKE-XtZSqyzkmEVh0sK8Co6pIqFZmtuMUoL4=/logo/png/0f735961-c151-4ed3-a57d-b4f45d00920c
XSQgCNrDi0mLddAG-zJQw1h0sK8Co6pIqFZmtuMUoL4=,GeoSmartPro ltd,https://images.unidays.world/i/self-serve/customer/XSQgCNrDi0mLddAG-zJQw1h0sK8Co6pIqFZmtuMUoL4=/logo/png/e284fde5-ff5c-41b2-84da-a970e0f83b80
XmF2FUrSlU6f9yKU7m_spFh0sK8Co6pIqFZmtuMUoL4=,kate spade new york,https://images.unidays.world/i/self-serve/customer/XmF2FUrSlU6f9yKU7m_spFh0sK8Co6pIqFZmtuMUoL4=/logo/png/0e12fc4f-d307-4e55-8797-6fb31a98b927
Y7BtNQ4r_k-yAqYRKCKJa1h0sK8Co6pIqFZmtuMUoL4=,Proprep,https://images.unidays.world/i/customers/mobile/active/b1e16913-3303-4405-afd4-f7efa17a1636
5ySw3jQ36UyRkCeM8HMZrFh0sK8Co6pIqFZmtuMUoL4=,Champion,https://images.unidays.world/i/customers/mobile/active/95f5843e-2218-49f7-81bb-000ba987ae15
2xcA0m_pFkWgGaDdAD7TcVh0sK8Co6pIqFZmtuMUoL4=,Decade On,https://images.unidays.world/i/self-serve/customer/2xcA0m_pFkWgGaDdAD7TcVh0sK8Co6pIqFZmtuMUoL4=/logo/png/b7a2dfc5-9aba-4d2b-9517-63dcc1213d34
-M_23XN9FEa9w5iLnJRvW1h0sK8Co6pIqFZmtuMUoL4=,Kiehl's,https://images.unidays.world/i/customers/mobile/active/26762ae8-d8d3-4e8a-a696-6637a0532ef1
eldIMcNHwECmgFqTRH7Ymlh0sK8Co6pIqFZmtuMUoL4=,Udemy,https://images.unidays.world/i/self-serve/customer/eldIMcNHwECmgFqTRH7Ymlh0sK8Co6pIqFZmtuMUoL4=/logo/png/9d3aca3b-e609-43b2-8931-e4fdbaf2703d
E46vWqQNAkOcTKAQgUYYL1h0sK8Co6pIqFZmtuMUoL4=,Quiz,https://images.unidays.world/i/customers/mobile/active/8f6d7a23-1c80-42a1-bd7e-6829ac416817
0qqriiAJXEqHPYd9bnxyIVh0sK8Co6pIqFZmtuMUoL4=,Casetify,https://images.unidays.world/i/customers/mobile/active/02d75111-c131-4548-a90f-163097cb1a84
oV5NQOov30K27PYEcDhz_1h0sK8Co6pIqFZmtuMUoL4=,New Look,https://images.unidays.world/i/self-serve/customer/oV5NQOov30K27PYEcDhz_1h0sK8Co6pIqFZmtuMUoL4=/logo/png/a8c2f871-e06b-4f02-b88f-a9ee34251752
LvK6kBmkQE-Lzv8smvRnh1h0sK8Co6pIqFZmtuMUoL4=,Virgin Mobile,https://images.unidays.world/i/customers/mobile/active/6be31900-df18-4cbd-961e-46d7beb4850e
orjeRG7yw0uzS8--QS0HtVh0sK8Co6pIqFZmtuMUoL4=,Ember Inns,https://images.unidays.world/i/self-serve/customer/orjeRG7yw0uzS8--QS0HtVh0sK8Co6pIqFZmtuMUoL4=/logo/png/460dcee5-8016-4d45-b084-591f0030b758
-tNcAYw0xESuNiJvMzy1Y1h0sK8Co6pIqFZmtuMUoL4=,Stand4 Socks,https://images.unidays.world/i/self-serve/customer/-tNcAYw0xESuNiJvMzy1Y1h0sK8Co6pIqFZmtuMUoL4=/logo/png/44ad233f-2728-44bc-9a51-e4a7e0f9993e
XvtT7OwvQ0aeWx-D8TaEl1h0sK8Co6pIqFZmtuMUoL4=,Superdry,https://images.unidays.world/i/self-serve/customer/XvtT7OwvQ0aeWx-D8TaEl1h0sK8Co6pIqFZmtuMUoL4=/logo/png/97eab414-2e10-4956-a17d-a65cc2ce0043
5BI46cieF0Wk81zp30Qv0Vh0sK8Co6pIqFZmtuMUoL4=,UGG,https://images.unidays.world/i/customers/mobile/active/f81a78fe-d48d-4ea1-85d3-d6146509518a
xGKbKf7pBU2KtdDULEI0I1h0sK8Co6pIqFZmtuMUoL4=,Glasses Direct,https://images.unidays.world/i/self-serve/customer/xGKbKf7pBU2KtdDULEI0I1h0sK8Co6pIqFZmtuMUoL4=/logo/png/5f58f935-bf81-47f0-9e72-44efb1e42635
42vkmpKstECddFsp9Hzw8Fh0sK8Co6pIqFZmtuMUoL4=,Deliveroo,https://images.unidays.world/i/self-serve/customer/42vkmpKstECddFsp9Hzw8Fh0sK8Co6pIqFZmtuMUoL4=/logo/png/674c7c04-a29c-4c88-bca7-118f7bc62d80
cDu0QdIkOUuhWN_LgCWMGVh0sK8Co6pIqFZmtuMUoL4=,Lacoste,https://images.unidays.world/i/customers/mobile/active/81b0fe37-b735-4faa-8d77-043d59774c24
E_5QHnajhUakpyE_7cKCpFh0sK8Co6pIqFZmtuMUoL4=,Theflatcapchef,https://images.unidays.world/i/self-serve/customer/E_5QHnajhUakpyE_7cKCpFh0sK8Co6pIqFZmtuMUoL4=/logo/png/4832135b-2c83-4563-9764-a09fe400ff6a
5OVRLBbjYUqpBMBGN-bbSlh0sK8Co6pIqFZmtuMUoL4=,Coast,https://images.unidays.world/i/customers/mobile/active/fee5608f-63f3-449d-a543-e29b947cc18d
xp0lgeR7HkC-vQ2WFyr7clh0sK8Co6pIqFZmtuMUoL4=,Raid: Shadow Legends,https://images.unidays.world/i/customers/mobile/active/62611b17-186f-4416-8306-a86da3482c08
S5223kV_Dk6v0tB5oU-5alh0sK8Co6pIqFZmtuMUoL4=,Maestri della Pasta - London,https://images.unidays.world/i/self-serve/customer/S5223kV_Dk6v0tB5oU-5alh0sK8Co6pIqFZmtuMUoL4=/logo/png/9935d13a-da63-4cd5-b104-48c0f1ab8723
JjJEyvKT3kqojsmhBCd_c1h0sK8Co6pIqFZmtuMUoL4=,Supply Life,https://images.unidays.world/i/self-serve/customer/JjJEyvKT3kqojsmhBCd_c1h0sK8Co6pIqFZmtuMUoL4=/logo/png/a29ce9c2-360d-4d7c-9d09-01f50ab0b031
X3VMPevahE2dCpSJNa_eWlh0sK8Co6pIqFZmtuMUoL4=,Twisted Tailor,https://images.unidays.world/i/customers/mobile/active/fc47135c-80b8-4041-bd62-50c678287b15
Q5SD3pAqaUqZBTjmuptZQVh0sK8Co6pIqFZmtuMUoL4=,Three,https://images.unidays.world/i/customers/mobile/active/528e01c1-e91f-4b05-a33a-727becd5929e
VIN6P-JuQEacZaZnYOQO_1h0sK8Co6pIqFZmtuMUoL4=,Qwetch,https://images.unidays.world/i/self-serve/customer/VIN6P-JuQEacZaZnYOQO_1h0sK8Co6pIqFZmtuMUoL4=/logo/png/fe90c635-9d0b-461a-b833-af2776f5001a
BoznGLHzikKXybl3ikaWcFh0sK8Co6pIqFZmtuMUoL4=,Mobiles.co.uk,https://images.unidays.world/i/customers/mobile/active/ca252bda-fe25-4553-a838-9fd1078a1ea1
ihLmYodcXUKzjQVDx5sfYFh0sK8Co6pIqFZmtuMUoL4=,Under Armour,https://images.unidays.world/i/customers/mobile/active/facc52c8-6176-43d3-b032-314a45c36b6b
7zW17b6vSkaT_lzUdQHl4Vh0sK8Co6pIqFZmtuMUoL4=,American Eagle,https://images.unidays.world/i/customers/mobile/active/95be1b66-699f-411f-bbb8-230da7ebb96b
Nr0VCLp0D02cegmmDgaDMlh0sK8Co6pIqFZmtuMUoL4=,The Body Shop,https://images.unidays.world/i/self-serve/customer/Nr0VCLp0D02cegmmDgaDMlh0sK8Co6pIqFZmtuMUoL4=/logo/png/b97c46b6-a447-4d41-be29-21cae9378cd8
0pClt9sRLU6UwrFbAwtxGVh0sK8Co6pIqFZmtuMUoL4=,Virgin Media,https://images.unidays.world/i/customers/mobile/active/a7c8891a-7192-4a6a-a19f-ac9068c7bb40
17JBdMh0XkCkw-wEBnpRI1h0sK8Co6pIqFZmtuMUoL4=,The Public Speaking Course,https://images.unidays.world/i/self-serve/customer/logo/placeholder/placeholder-logo-t.png
Nws2Th_ytUGUcLXbB7zx31h0sK8Co6pIqFZmtuMUoL4=,East Dane,https://images.unidays.world/i/customers/mobile/active/4e360b37-f21f-41b5-9470-b5db07bcf1df
42ww9ZEaJ0uUxahWBBo9C1h0sK8Co6pIqFZmtuMUoL4=,Forever 21,https://images.unidays.world/i/customers/mobile/active/722752b5-3eb3-40ca-86eb-9a3ac4bec98e
2hB9gDjqgUO8I28UFNW3qlh0sK8Co6pIqFZmtuMUoL4=,Clinique,https://images.unidays.world/i/customers/mobile/active/bb013cc5-4fb0-482b-a5ed-ffa059fcbdfe
qObH8hkhgk-H2W_1maHJNlh0sK8Co6pIqFZmtuMUoL4=,Burger King,https://images.unidays.world/i/self-serve/customer/qObH8hkhgk-H2W_1maHJNlh0sK8Co6pIqFZmtuMUoL4=/logo/png/59532419-2e05-4276-a032-c6d194469c87
C0IrNjJip0GLiFQ3uooHJlh0sK8Co6pIqFZmtuMUoL4=,Watch Shop,https://images.unidays.world/i/self-serve/customer/C0IrNjJip0GLiFQ3uooHJlh0sK8Co6pIqFZmtuMUoL4=/logo/png/5de00692-3644-4303-bf40-6ae7470b5d8c
HPuoeOKF5UC_7ilGFv8i4Vh0sK8Co6pIqFZmtuMUoL4=,Harvester,https://images.unidays.world/i/customers/mobile/active/707004e0-0d90-42d1-a015-1b4d53eb65c9
f0T5SeMI5UyPjoYTy5FmlFh0sK8Co6pIqFZmtuMUoL4=,DC Shoes,https://images.unidays.world/i/self-serve/customer/f0T5SeMI5UyPjoYTy5FmlFh0sK8Co6pIqFZmtuMUoL4=/logo/png/49342418-dc6f-4e85-aa89-e7c9970d0b5e
gGhzYPrNCUmyMcrmv2QrH1h0sK8Co6pIqFZmtuMUoL4=,GO Outdoors,https://images.unidays.world/i/customers/mobile/active/fd92f7c3-5d8f-4c0b-aba0-1209dc446eb3
qQGE2iLwYkWKmmwsoXslSlh0sK8Co6pIqFZmtuMUoL4=,Vans,https://images.unidays.world/i/customers/mobile/active/5fb12a41-4f43-400c-a5c3-8286ee60d9f1
lMvmHJNJnESt4-lgtFZkZlh0sK8Co6pIqFZmtuMUoL4=,Route One,https://images.unidays.world/i/customers/mobile/active/63bdd82f-cedb-4786-b7a3-b71ecfcc052f
zqvFTOIkVUmL15sC0cYaeVh0sK8Co6pIqFZmtuMUoL4=,Millets,https://images.unidays.world/i/customers/mobile/active/794fea5e-b315-4404-a33d-43d4c43f209a
pemG1boaY0WtZWfzYhONSVh0sK8Co6pIqFZmtuMUoL4=,League of Angels 3,https://images.unidays.world/i/customers/mobile/active/cadba462-a35a-4a96-85bf-2a062ff56061
pZFhadZEc0yVYdn9l2Quslh0sK8Co6pIqFZmtuMUoL4=,I Want One Of Those,https://images.unidays.world/i/customers/mobile/active/62a9efaa-2dd4-4f18-ac94-f9a1ed895941
ouuME8IsHUap4EBDAbRyalh0sK8Co6pIqFZmtuMUoL4=,Two Seasons,https://images.unidays.world/i/customers/mobile/active/30182e8d-cb56-4cba-b3c3-a5f8a5540879
dK2A4-ebY0CC-DA_XwanB1h0sK8Co6pIqFZmtuMUoL4=,Robert Dyas,https://images.unidays.world/i/customers/mobile/active/7e6e23e6-4222-4bb7-ab67-9b3e544be231
tCHVL28LUUa9LO_pmxDpdFh0sK8Co6pIqFZmtuMUoL4=,Hobbycraft,https://images.unidays.world/i/customers/mobile/active/2fd521b4-0b6f-4651-bd2c-efe99b10e974
syGJL-rpHUegYCyskyOuOlh0sK8Co6pIqFZmtuMUoL4=,Vapiano,https://images.unidays.world/i/customers/mobile/active/288ee604-8e61-41ce-a9f9-10dab8d31417
6uIGAYPHi02xbRdvVWnhHVh0sK8Co6pIqFZmtuMUoL4=,AvionCarte,https://images.unidays.world/i/self-serve/customer/6uIGAYPHi02xbRdvVWnhHVh0sK8Co6pIqFZmtuMUoL4=/logo/png/e993a1a7-c942-45d8-8ff1-a54b1df5e393
xgAtiUpSREyIsylb-sks31h0sK8Co6pIqFZmtuMUoL4=,Waterstones,https://images.unidays.world/i/self-serve/customer/xgAtiUpSREyIsylb-sks31h0sK8Co6pIqFZmtuMUoL4=/logo/png/b4d918d6-f0fd-4b26-bfa6-04d0f47a23e7
lETh4F6NVESsgCVuUZg9tlh0sK8Co6pIqFZmtuMUoL4=,Apple Music,https://images.unidays.world/i/customers/mobile/active/e341a916-7c11-4c21-9d56-59eb3056dada
BOEB7eppeUCezconKvjkGVh0sK8Co6pIqFZmtuMUoL4=,Boost Juice Bars,https://images.unidays.world/i/self-serve/customer/BOEB7eppeUCezconKvjkGVh0sK8Co6pIqFZmtuMUoL4=/logo/png/99e7dff7-869a-404e-ad1a-28b67ef43814
MLQ7iA9LVkm5_3BAdtDdp1h0sK8Co6pIqFZmtuMUoL4=,Ultimate Outdoors,https://images.unidays.world/i/customers/mobile/active/3d5c08f1-e57b-48e7-9aa5-8242977c511f
EXQY1wosWUqkoeoWQwHdRVh0sK8Co6pIqFZmtuMUoL4=,Vision Express,https://images.unidays.world/i/self-serve/customer/EXQY1wosWUqkoeoWQwHdRVh0sK8Co6pIqFZmtuMUoL4=/logo/png/f62117db-bb3c-4cec-92ae-d675ac9d636c
LD0PYX_B10ukdd7hqosjUVh0sK8Co6pIqFZmtuMUoL4=,LSE Union,https://images.unidays.world/i/customers/mobile/active/db83f170-e718-4275-af91-cda71b542403
AgF-ONXbwki457N0osy8XFh0sK8Co6pIqFZmtuMUoL4=,Audible,https://images.unidays.world/i/customers/mobile/active/4802edda-b9c1-404d-911b-288eb3bb3b93
FmGaJ7Rhx02jVIA_T6frL1h0sK8Co6pIqFZmtuMUoL4=,Plughire,https://images.unidays.world/i/self-serve/customer/FmGaJ7Rhx02jVIA_T6frL1h0sK8Co6pIqFZmtuMUoL4=/logo/png/96495b7f-f9d3-4208-a9ba-149cbe515d1a
gUOl8ZGCGEGZ7-X59RXqeFh0sK8Co6pIqFZmtuMUoL4=,Uber Eats,https://images.unidays.world/i/self-serve/customer/gUOl8ZGCGEGZ7-X59RXqeFh0sK8Co6pIqFZmtuMUoL4=/logo/png/e70e38e8-a463-4506-a25d-73aaba96adfd
LLKmLHiUxEqNODWJvrlCBVh0sK8Co6pIqFZmtuMUoL4=,Re-Fashion,https://images.unidays.world/i/self-serve/customer/logo/placeholder/placeholder-logo-r.png
GoW7wfG0qUmwBsRo5KFKflh0sK8Co6pIqFZmtuMUoL4=,Sports Direct,https://images.unidays.world/i/self-serve/customer/GoW7wfG0qUmwBsRo5KFKflh0sK8Co6pIqFZmtuMUoL4=/logo/png/01fea2ea-b194-4e58-8889-d6b68a959604
gcRoMw6gGU-rpVJlHKhvalh0sK8Co6pIqFZmtuMUoL4=,Revolution,https://images.unidays.world/i/customers/mobile/active/8785dab4-362d-4b8c-bd78-a8ef7b4008f9
0-7qgRrptEuLSG8Re_hdGlh0sK8Co6pIqFZmtuMUoL4=,House of Fraser,https://images.unidays.world/i/customers/mobile/active/eb8294ec-92b9-4c5f-b374-60c83c58f96a
BovQOo3xckGBBovDWw1fIVh0sK8Co6pIqFZmtuMUoL4=,Zavvi,https://images.unidays.world/i/self-serve/customer/BovQOo3xckGBBovDWw1fIVh0sK8Co6pIqFZmtuMUoL4=/logo/png/8b7a9095-e7ea-40a4-942e-075bb9126582
H48LzHJjT0-NhHhOg7zOXlh0sK8Co6pIqFZmtuMUoL4=,The Real Greek,https://images.unidays.world/i/customers/mobile/active/0160a81b-7db6-4c2d-b128-e5d7eccede14
aoUvHUFhJUK8xdf-rSQaZFh0sK8Co6pIqFZmtuMUoL4=,The Grad Soc,https://images.unidays.world/i/self-serve/customer/aoUvHUFhJUK8xdf-rSQaZFh0sK8Co6pIqFZmtuMUoL4=/logo/png/3af7e441-d9fd-4f25-b950-679a134612e9
owZFe9R00kyiKEUARUCtpFh0sK8Co6pIqFZmtuMUoL4=,The Yoga Collective,https://images.unidays.world/i/self-serve/customer/owZFe9R00kyiKEUARUCtpFh0sK8Co6pIqFZmtuMUoL4=/logo/png/fd51ef04-626a-4549-bb8a-957c544ea524
K97QPObIz0iOXse1Ne8BaVh0sK8Co6pIqFZmtuMUoL4=,Sofar Sounds,https://images.unidays.world/i/customers/mobile/active/a3648462-c27e-4cb1-a137-96b3b4d8639d
fwvSWAL700-WhmUzEbteOVh0sK8Co6pIqFZmtuMUoL4=,Spotahome,https://images.unidays.world/i/self-serve/customer/fwvSWAL700-WhmUzEbteOVh0sK8Co6pIqFZmtuMUoL4=/logo/png/f41bb3b9-3641-48e4-86cd-cd79e489f6d9
0nmmvryawUyXNl4QfniOU1h0sK8Co6pIqFZmtuMUoL4=,The Food Warehouse,https://images.unidays.world/i/customers/mobile/active/deb9bcb1-fd66-42de-b2e7-6d3bb34f1b3a
JiW9ir21PUWDQKhmUTVqdlh0sK8Co6pIqFZmtuMUoL4=,Sizzling Pubs,https://images.unidays.world/i/customers/mobile/active/7e6c948c-d256-459c-9c86-c5169719e6b4
1ogNeuxl00SJdWIhXndHIFh0sK8Co6pIqFZmtuMUoL4=,TFL,https://images.unidays.world/i/customers/mobile/active/9fe72770-154a-40c0-8ea1-51b5061107c9
GfCcTklXl0mTuTnvQiFa5lh0sK8Co6pIqFZmtuMUoL4=,Giraffe,https://images.unidays.world/i/customers/mobile/active/ba0935db-f628-4ebb-8364-35d71fd4118d
NAA5AxVzGket-QGGx_6NOlh0sK8Co6pIqFZmtuMUoL4=,Shake Shack,https://images.unidays.world/i/self-serve/customer/NAA5AxVzGket-QGGx_6NOlh0sK8Co6pIqFZmtuMUoL4=/logo/png/36f3ea04-2919-4f8e-adb9-a6e9584cfc60
Jd9NHsppw0WdRCLegCMAWVh0sK8Co6pIqFZmtuMUoL4=,Amazon Music Unlimited,https://images.unidays.world/i/customers/mobile/active/50315791-7c74-4bf4-9be8-35a15fe242e6
1sshB9zQiEuLFj2K4OePLVh0sK8Co6pIqFZmtuMUoL4=,Panthera,https://images.unidays.world/i/self-serve/customer/1sshB9zQiEuLFj2K4OePLVh0sK8Co6pIqFZmtuMUoL4=/logo/png/865678a5-7eae-417d-a951-4eb3854bf8bf
RuGdspWWi0ul24u-Yw2tJlh0sK8Co6pIqFZmtuMUoL4=,Fixter,https://images.unidays.world/i/self-serve/customer/RuGdspWWi0ul24u-Yw2tJlh0sK8Co6pIqFZmtuMUoL4=/logo/png/8bd18a77-19ba-422d-9f6b-78b41cc3348d
61LPrhJf30SjHYYgEyev6Vh0sK8Co6pIqFZmtuMUoL4=,Braindump by UNiDAYS,https://images.unidays.world/i/self-serve/customer/61LPrhJf30SjHYYgEyev6Vh0sK8Co6pIqFZmtuMUoL4=/logo/png/831137d2-4a74-47f8-a1ef-58a25b2f6f3e
H_D48v8V80CGnO26yTJzPlh0sK8Co6pIqFZmtuMUoL4=,Kesto Food,https://images.unidays.world/i/self-serve/customer/H_D48v8V80CGnO26yTJzPlh0sK8Co6pIqFZmtuMUoL4=/logo/png/c65bc1c4-cfe4-4733-8a03-dcc8cfc8eaac
OepCfa0NukCCk9lYglSfZ1h0sK8Co6pIqFZmtuMUoL4=,The EDIT,https://images.unidays.world/i/self-serve/customer/OepCfa0NukCCk9lYglSfZ1h0sK8Co6pIqFZmtuMUoL4=/logo/png/fe007b82-1972-4e61-8f28-723666b8e84b
WVK761kUrECCMEDzN0a9sFh0sK8Co6pIqFZmtuMUoL4=,UNiDAYS Quiz,https://images.unidays.world/i/self-serve/customer/WVK761kUrECCMEDzN0a9sFh0sK8Co6pIqFZmtuMUoL4=/logo/png/9a9d33b7-3a00-4d63-82a1-5f837e941ed8
PeCmNREOS0G1XvjkcrGepVh0sK8Co6pIqFZmtuMUoL4=,HQhair,https://images.unidays.world/i/customers/mobile/active/98658c81-1c39-4724-98f8-ca67b2d0d31b
FZWUrToj6Ue6daPvJPiPJlh0sK8Co6pIqFZmtuMUoL4=,UNiDAYS Arcade,https://images.unidays.world/i/self-serve/customer/FZWUrToj6Ue6daPvJPiPJlh0sK8Co6pIqFZmtuMUoL4=/logo/png/9fc8a0cd-85a5-4150-a3f2-025842dc3a00
NtG4mHWeokOMvNb5lfUCZVh0sK8Co6pIqFZmtuMUoL4=,Buddy Media Group,https://images.unidays.world/i/self-serve/customer/logo/placeholder/placeholder-logo-b.png
fdkCbgYRvU6Cjq7h2qOvAVh0sK8Co6pIqFZmtuMUoL4=,Mankind,https://images.unidays.world/i/customers/mobile/active/1c59fa0c-99e9-49b7-8566-77754f36d629
0LgvzlQV50W_2_G4tyj8U1h0sK8Co6pIqFZmtuMUoL4=,Shoelace,https://images.unidays.world/i/self-serve/customer/0LgvzlQV50W_2_G4tyj8U1h0sK8Co6pIqFZmtuMUoL4=/logo/png/db8e78b2-a7a1-4160-9181-049a8964df0c
tdW1GuJgwEiO-GR_CXM_mVh0sK8Co6pIqFZmtuMUoL4=,Collectif,https://images.unidays.world/i/self-serve/customer/logo/placeholder/placeholder-logo-c.png
AWlJO7Nc40GFotIwTrfykVh0sK8Co6pIqFZmtuMUoL4=,Faraday Drinks Ltd,https://images.unidays.world/i/self-serve/customer/AWlJO7Nc40GFotIwTrfykVh0sK8Co6pIqFZmtuMUoL4=/logo/png/f83da2b9-89f5-44ed-8958-f2da2704bb17
a_Ullzi3rE6UwwEHFQzGfFh0sK8Co6pIqFZmtuMUoL4=,Target Vintage,https://images.unidays.world/i/self-serve/customer/logo/placeholder/placeholder-logo-t.png
M2NgBiHfHEuu2XrieOVdp1h0sK8Co6pIqFZmtuMUoL4=,JUST EAT,https://images.unidays.world/i/self-serve/customer/M2NgBiHfHEuu2XrieOVdp1h0sK8Co6pIqFZmtuMUoL4=/logo/png/5ea2ef10-ed3e-4f21-b26c-4b84916531c9
CTbVwOLz1USwUUXlkcvU-lh0sK8Co6pIqFZmtuMUoL4=,TV.FIT,https://images.unidays.world/i/self-serve/customer/CTbVwOLz1USwUUXlkcvU-lh0sK8Co6pIqFZmtuMUoL4=/logo/png/343f300c-1982-473a-8f0f-64d975f96681
PkZA6Wbxd0mlRhg5XT-OLFh0sK8Co6pIqFZmtuMUoL4=,Bestseller,https://images.unidays.world/i/self-serve/customer/PkZA6Wbxd0mlRhg5XT-OLFh0sK8Co6pIqFZmtuMUoL4=/logo/png/eedc8b66-8a6b-42ed-a752-2dff34476cc4
1fbJIDr03U2PYoRvoioQP1h0sK8Co6pIqFZmtuMUoL4=,RGifts Limited,https://images.unidays.world/i/self-serve/customer/1fbJIDr03U2PYoRvoioQP1h0sK8Co6pIqFZmtuMUoL4=/logo/png/710b4c85-779b-46df-a547-eee13b9586ef
y0SZgZfP4EWfneGGQc3znVh0sK8Co6pIqFZmtuMUoL4=,CandidateTalent,https://images.unidays.world/i/self-serve/customer/y0SZgZfP4EWfneGGQc3znVh0sK8Co6pIqFZmtuMUoL4=/logo/png/dea87750-f6cf-4afd-b4cb-b99212c79ee3
d13rYChq-EOTj6pbeAEUAFh0sK8Co6pIqFZmtuMUoL4=,GetTheLabel.com,https://images.unidays.world/i/self-serve/customer/d13rYChq-EOTj6pbeAEUAFh0sK8Co6pIqFZmtuMUoL4=/logo/png/b9c006d0-2d07-494b-826c-33e39f10179b
opqJRzsBLEaf1UnNMxxftlh0sK8Co6pIqFZmtuMUoL4=,Her Packages,https://images.unidays.world/i/self-serve/customer/opqJRzsBLEaf1UnNMxxftlh0sK8Co6pIqFZmtuMUoL4=/logo/png/f3ccf3f5-fe11-4b22-830e-21b46eeb0401
s9csvJVe7069Zv4gLEEqIFh0sK8Co6pIqFZmtuMUoL4=,Very,https://images.unidays.world/i/self-serve/customer/s9csvJVe7069Zv4gLEEqIFh0sK8Co6pIqFZmtuMUoL4=/logo/png/9c7ae6eb-cffe-49a7-84e3-a4f502040db4
zgZL4PdchE20qZRE5s2smVh0sK8Co6pIqFZmtuMUoL4=,Lenstore Contact Lenses,https://images.unidays.world/i/self-serve/customer/zgZL4PdchE20qZRE5s2smVh0sK8Co6pIqFZmtuMUoL4=/logo/png/fcf02a00-07ad-4492-9a2b-acdbfb799ea2
40Rw7ShcSUKoXF42Usg7z1h0sK8Co6pIqFZmtuMUoL4=,Fresh Cosmetics,https://images.unidays.world/i/customers/mobile/active/43ff2e01-4725-49d4-97d9-9df2dde07f49
9bPdilRaP0qsnYf8aZ82ulh0sK8Co6pIqFZmtuMUoL4=,Urban Decay,https://images.unidays.world/i/self-serve/customer/9bPdilRaP0qsnYf8aZ82ulh0sK8Co6pIqFZmtuMUoL4=/logo/png/618261b6-fea0-45f6-ab14-238f289759e7
boBL7xUv6U6qW1rJlE1zPVh0sK8Co6pIqFZmtuMUoL4=,PayPal,https://images.unidays.world/i/customers/mobile/active/2213b744-389e-42cf-a645-ea7b27e66b74